Apartment,Address,Price,Beds,Amenities
Reserve at Temple Terrace,"8800 Boardwalk Trail Dr, Tampa, FL 33637","$1,399 - $1,799",1-2 Beds,"['Pets Allowed', 'Fitness Center', 'Pool', 'Dishwasher', 'Refrigerator']"
Douglas Grand at Telecom Parkway,"7581 E Telecom Pky, Tampa, FL 33637","$1,724 - $3,266",1-4 Beds,"['Pets Allowed', 'Fitness Center', 'Pool', 'Stainless Steel Appliances']"
7th & Oak,"1701 N Florida Ave, Tampa, FL 33602","$2,175 - $4,955",Studio - 3 Beds,"['Dogs Allowed', 'Fitness Center', 'Pool', 'Dishwasher', 'Refrigerator']"
MAA Breakwater,"5432 W Tyson Ave, Tampa, FL 33611","$2,168 - $4,078",Studio - 2 Beds,"['Pets Allowed', 'Fitness Center', 'Pool', 'Dishwasher', 'In Unit Washer & Dryer']"
Miles at Ybor,"1704 N 17th St, Tampa, FL 33605","$1,050 - $1,950",Studio,"['Pets Allowed', 'Pool', 'Dishwasher', 'Refrigerator', 'Kitchen', 'In Unit Washer & Dryer']"
New Tampa Palms,"7970 Tampa Palms Blvd, Tampa, FL 33647","$1,805 - $2,585",1-2 Beds,"['Pets Allowed', 'Fitness Center', 'Pool', 'Dishwasher', 'Refrigerator']"
Marquee Square,"2302 E Hillsborough Ave, Tampa, FL 33610",Call for Rent,Studio,"['Fitness Center', 'Refrigerator', 'Kitchen', 'Maintenance on site']"
AVE Tampa Riverwalk,"160 W Tyler St, Tampa, FL 33602","$2,071 - $3,786",Studio - 2 Beds,"['Pets Allowed', 'Fitness Center', 'Pool', 'In Unit Washer & Dryer']"
La Uni√≥n,"1720 Nick Nuccio Pky, Tampa, FL 33605","$1,850 - $3,581",Studio - 3 Beds,"['Pets Allowed', 'Fitness Center', 'Pool', 'Dishwasher', 'Kitchen', 'In Unit Washer & Dryer']"
The Vintage Lofts at West End,"801 N Rome Ave, Tampa, FL 33606","$1,550 - $3,872",Studio - 3 Beds,"['Pets Allowed', 'Fitness Center', 'Pool', 'Kitchen', 'In Unit Washer & Dryer']"
Ybor Lofts,"1512 E 12th Ave, Tampa, FL 33605","$1,852 - $2,574",Studio - 2 Beds,"['Pets Allowed', 'Fitness Center', 'Pool', 'Clubhouse', 'Elevator']"
The Pointe on Westshore,"4950 W Prescott St, Tampa, FL 33616","$1,925 - $3,320",1-3 Beds,"['Pets Allowed', 'Fitness Center', 'Pool', 'Walk-In Closets']"
The Lakes at Brandon West,"10011 Balaye Run Dr, Tampa, FL 33619","$1,510 - $2,820",1-3 Beds,"['Pets Allowed', 'Fitness Center', 'Dishwasher', 'Kitchen', 'In Unit Washer & Dryer']"
Amberly Place Apartment Homes,"5100 Live Oaks Blvd, Tampa, FL 33647","$1,283 - $2,134",1-3 Beds,"['Pets Allowed', 'Fitness Center', 'Pool', 'Dishwasher', 'Refrigerator']"
Captiva Club Apartments,"4401 Club Captiva Dr, Tampa, FL 33615","$1,340 - $2,275",Studio - 3 Beds,"['Pets Allowed', 'Fitness Center', 'Pool', 'Dishwasher', 'Refrigerator']"
Park Place Apartments,"3132 W Lambright St, Tampa, FL 33614","$1,360 - $1,680",1-2 Beds,"['Fitness Center', 'Pool', 'Dishwasher', 'Refrigerator']"
The Residences at Soho,"4009 N Howard Ave, Tampa, FL 33607","$1,400 - $1,950",Studio - 3 Beds,"['Pets Allowed', 'Fitness Center', 'Pool', 'Dishwasher', 'Refrigerator']"
Arabelle Riverwalk,"202 S Parker St, Tampa, FL 33606","$1,915 - $5,432",Studio - 3 Beds,"['Pets Allowed', 'Fitness Center', 'Pool', 'Dishwasher', 'Refrigerator']"
Novel Midtown,"3730 Midtown Dr, Tampa, FL 33607","$1,964 - $9,165",Studio - 3 Beds,"['Pets Allowed', 'Fitness Center', 'Walk-In Closets', 'Clubhouse']"
AER APARTMENTS,"300 W Tyler St, Tampa, FL 33602","$2,350 - $7,730",Studio - 3 Beds,"['Pets Allowed', 'Fitness Center', 'Pool', 'Controlled Access']"
Azalea Luxury Apartments,"2633 Azalea Garden Pl, Tampa, FL 33619","$1,705 - $4,733",Studio - 3 Beds,"['Pets Allowed', 'Fitness Center', 'Pool', 'In Unit Washer & Dryer']"
Inscription Channel District,"1250 E Madison St, Tampa, FL 33602","$2,130 - $3,795",Studio - 2 Beds,"['Pets Allowed', 'Fitness Center', 'Pool', 'Dishwasher', 'Refrigerator']"
Prose Park View,"10881 Caladesi Ave, Tampa, FL 33610","$1,614 - $2,355",1-2 Beds,"['Pets Allowed', 'Fitness Center', 'Pool', 'Kitchen', 'In Unit Washer & Dryer']"
Casa Marti,"1212 E 7th Ave, Tampa, FL 33605","$1,497 - $2,775",Studio - 2 Beds,"['Pets Allowed', 'In Unit Washer & Dryer']"
101 N Meridian,"101 N Meridian Ave, Tampa, FL 33602","$2,041 - $4,743",Studio - 3 Beds,"['Pets Allowed', 'Fitness Center', 'Pool', 'Dishwasher', 'Kitchen', 'In Unit Washer & Dryer']"
NOVEL Independence Park by Crescent Commun...,"4108 George Rd, Tampa, FL 33634","$1,962 - $3,725",1-3 Beds,"['Pets Allowed', 'Fitness Center', 'Dishwasher', 'In Unit Washer & Dryer']"
Broadstone Marina Bay,"5127 W Tyson Ave, Tampa, FL 33611","$1,925 - $5,499",Studio - 3 Beds,"['Pets Allowed', 'Fitness Center', 'Pool', 'Kitchen', 'In Unit Washer & Dryer']"
Lantana at Cypress Cay,"14854 Alcorine Pl, Lutz, FL 33559","$1,671 - $2,544",1-3 Beds,"['Pets Allowed', 'In Unit Washer & Dryer', 'Stainless Steel Appliances']"
The Cottages at Cypress Cay,"15081 Cypress Cay Blvd, Lutz, FL 33559","$1,699 - $3,199",1-3 Beds,"['Pets Allowed', 'Pool', 'Walk-In Closets', 'Clubhouse', 'Business Center']"
Sage at Cypress Cay,"14976 Osprey Nest Loop, Lutz, FL 33559","$1,630 - $2,475",1-3 Beds,"['Pets Allowed', 'Fitness Center', 'Stainless Steel Appliances']"
Halo 46: Off-Campus Student Housing,"14500 N 46th St, Tampa, FL 33613","$835 - $1,165",2-5 Beds,"['Pets Allowed', 'Pool', 'Dishwasher', 'Refrigerator', 'In Unit Washer & Dryer']"
Cortland Bayport,"10510 Parkers Landing Dr, Tampa, FL 33615","$1,569 - $9,939",1-3 Beds,"['Pets Allowed', 'Fitness Center', 'Pool', 'In Unit Washer & Dryer']"
Town Westshore,"5001 Bridge St, Tampa, FL 33611","$1,646 - $4,334",Studio - 3 Beds,"['Pets Allowed', 'Fitness Center', 'Pool', 'Dishwasher', 'Refrigerator']"
Bainbridge at Westshore Marina,"5350 Bridge St, Tampa, FL 33611","$2,190 - $10,705",1-3 Beds,"['Pets Allowed', 'Pool', 'Dishwasher', 'In Unit Washer & Dryer']"
Progress Village,"6101 Innovation Way, Tampa, FL 33619","$1,599 - $2,515",1-3 Beds,"['Pets Allowed', 'Fitness Center', 'Pool', 'Dishwasher', 'Kitchen', 'In Unit Washer & Dryer']"
The Henry,"100 E Tyler St, Tampa, FL 33602","$1,180 - $2,869",1-4 Beds,"['Pets Allowed', 'Fitness Center', 'Pool', 'Dishwasher', 'Refrigerator']"
The Gray,"510 N Rome Ave, Tampa, FL 33606","$2,120 - $5,284",1-3 Beds,"['Dogs Allowed', 'Fitness Center', 'Pool', 'In Unit Washer & Dryer']"
AVLI AT CROSSTOWN CENTER,"9539 Delaney Creek Blvd, Tampa, FL 33619","$1,825 - $3,330",1-3 Beds,"['Pets Allowed', 'Clubhouse', 'High-Speed Internet', 'Stainless Steel Appliances']"
Legacy Encore,"1251 Ray Charles Blvd, Tampa, FL 33602","$1,681 - $3,585",Studio - 2 Beds,"['Pets Allowed', 'Fitness Center', 'Pool', 'Dishwasher', 'Refrigerator']"
Trails at Hunters Lake,"8500 Hunters Village Rd, Tampa, FL 33647","$1,488 - $2,591",Studio - 3 Beds,"['Pets Allowed', 'Fitness Center', 'Pool', 'Dishwasher', 'Refrigerator']"
Irving Place North Rocky Point,"4911 Webb Rd, Tampa, FL 33615","$1,725 - $2,432",1-2 Beds,"['Pets Allowed', 'Fitness Center', 'Pool', 'In Unit Washer & Dryer']"
Cortland Santos Flats,"8733 Rooks Park Cir, Tampa, FL 33619","$1,700 - $5,578",1-3 Beds,"['Pets Allowed', 'Fitness Center', 'Pool', 'In Unit Washer & Dryer']"
Asher,"1050 Water St, Tampa, FL 33602","$1,899 - $7,748",Studio - 2 Beds,"['Fitness Center', 'Pool', 'Dishwasher', 'Refrigerator']"
The MAV,"601 N 12th St, Tampa, FL 33602","$2,180 - $4,753",Studio - 2 Beds,"['Pets Allowed', 'Fitness Center', 'In Unit Washer & Dryer', 'Walk-In Closets']"
Asbury,"4530 Leeward Ridge Dr, Tampa, FL 33619","$1,672 - $3,086",1-3 Beds,"['Pets Allowed', 'Fitness Center', 'Pool', 'In Unit Washer & Dryer']"
Park Place at Tampa,"3400 Park Sq E, Tampa, FL 33613","$950 - $1,930",Studio - 5 Beds,"['Pets Allowed', 'Fitness Center', 'Pool', 'Walk-In Closets']"
Niche,"1116 W Carmen St, Tampa, FL 33606","$1,555 - $2,945",Studio - 3 Beds,"['Pets Allowed', 'Pool', 'In Unit Washer & Dryer', 'Stainless Steel Appliances']"
NOVEL Beach Park by Crescent Communities,"5450 Bay Center Dr, Tampa, FL 33609","$2,370 - $6,150",Studio - 3 Beds,"['Pets Allowed', 'Fitness Center', 'Pool', 'Dishwasher', 'Refrigerator']"
Manor Riverside,"901 W Chestnut St, Tampa, FL 33607","$2,378 - $4,919",Studio - 3 Beds,"['Pets Allowed', 'Kitchen', 'Maintenance on site', 'Heat']"
Marlowe South Tampa,"7210 Interbay Blvd, Tampa, FL 33616","$1,740 - $3,880",Studio - 3 Beds,"['Pets Allowed', 'Fitness Center', 'Dishwasher', 'In Unit Washer & Dryer']"
The Galvin,"10215 Estuary Lakes Dr, Tampa, FL 33619","$1,726 - $3,625",Studio - 3 Beds,"['Pets Allowed', 'Fitness Center', 'Pool', 'In Unit Washer & Dryer']"
Monterey Townhomes,"3421 W Arch St, Tampa, FL 33607","$3,899 - $5,212",3-4 Beds,"['Pets Allowed', 'In Unit Washer & Dryer', 'Stainless Steel Appliances']"
Willow Brooke Apartments,"14417 Hellenic Dr, Tampa, FL 33613","$1,206 - $1,469",1-2 Beds,"['Pets Allowed', 'Fitness Center', 'Pool', 'Dishwasher', 'Refrigerator']"
Parc Place Villas,"6919 Bonair Dr, Tampa, FL 33617","$1,050 - $1,400",1-2 Beds,"['Pets Allowed', 'Fitness Center', 'Pool', 'Dishwasher', 'Refrigerator']"
Bell Channelside,"1120 E Twiggs St, Tampa, FL 33602","$2,045 - $4,099",1-3 Beds,"['Pets Allowed', 'Fitness Center', 'Pool', 'In Unit Washer & Dryer']"
The Slade at Channelside,"1190 E Washington St, Tampa, FL 33602","$2,144 - $4,054",Studio - 3 Beds,"['Pets Allowed', 'Fitness Center', 'Pool', 'Dishwasher', 'Refrigerator']"
Cora,"1011 E Cumberland Ave, Tampa, FL 33602","$1,904 - $10,306",Studio - 3 Beds,"['Pets Allowed', 'Fitness Center']"
Cortland Westshore,"6207 S Westshore Blvd, Tampa, FL 33616","$1,828 - $7,074",Studio - 3 Beds,"['Pets Allowed', 'In Unit Washer & Dryer', 'High-Speed Internet']"
The Emerson at Rocky Point,"3015 N Rocky Point Dr E, Tampa, FL 33607","$2,622 - $8,717",1-3 Beds,"['Pets Allowed', 'Fitness Center', 'Pool', 'Clubhouse', 'High-Speed Internet']"
Apella on Newport,"311 N Newport Ave, Tampa, FL 33606","$1,440 - $1,940",2-6 Beds,"['Pets Allowed', 'Fitness Center', 'Pool', 'Kitchen', 'In Unit Washer & Dryer']"
Channel Club,"1115 E Twiggs St, Tampa, FL 33602","$1,748 - $5,222",Studio - 2 Beds,"['Pets Allowed', 'Fitness Center', 'Pool', 'Dishwasher', 'Refrigerator']"
Sole at Citrus Park,"6201 Gunn Hwy, Tampa, FL 33625","$1,605 - $4,284",1-3 Beds,"['Pets Allowed', 'Fitness Center', 'Pool', 'Dishwasher', 'Refrigerator']"
Henley Tampa Palms,"15350 Amberly Dr, Tampa, FL 33647","$1,655 - $3,565",1-3 Beds,"['Pets Allowed', 'Fitness Center', 'Pool', 'Kitchen', 'High-Speed Internet']"
Seven Lakes at Carrollwood,"3303-3401 N Lakeview Dr, Tampa, FL 33618","$1,241 - $2,103",Studio - 2 Beds,"['Pets Allowed', 'Fitness Center', 'Pool', 'Dishwasher', 'Refrigerator']"
Park at Lake Magdalene Apartments and Town...,"13401 Park Lake Dr, Tampa, FL 33618","$1,215 - $2,409",Studio - 2 Beds,"['Pets Allowed', 'Fitness Center', 'Pool', 'Dishwasher', 'Refrigerator']"
Cambridge Woods,"14138 Monterey Pines Dr, Tampa, FL 33613","$1,159 - $2,428",1-3 Beds,"['Pets Allowed', 'Fitness Center', 'Pool', 'Kitchen', 'In Unit Washer & Dryer']"
"The Avenue Apartments, LLC","9101 Avenue Club Dr, Tampa, FL 33637","$1,150 - $1,600",1-2 Beds,"['Pets Allowed', 'Pool', 'Kitchen', 'Walk-In Closets', 'Clubhouse']"
MAA Harbour Island,"708 Harbour Post Dr, Tampa, FL 33602","$1,775 - $7,120",Studio - 3 Beds,"['Pets Allowed', 'Fitness Center', 'Pool', 'Dishwasher', 'Refrigerator']"
Avion at Carrollwood,"11500 N Dale Mabry Hwy, Tampa, FL 33618","$1,332 - $1,796",1-2 Beds,['Pets Allowed']
Armature Gate Townhomes,"13835 Heritage Club Dr, Tampa, FL 33613","$1,714",2 Beds,"['Pets Allowed', 'Fitness Center', 'In Unit Washer & Dryer']"
Westshore Palms at Kennedy,"4350 W Kennedy Blvd, Tampa, FL 33609","$1,499 - $2,350",1-2 Beds,"['Pets Allowed', 'Granite Countertops']"
Promenade at Tampa Palms,"16200 Enclave Village Dr, Tampa, FL 33647","$1,499 - $2,249",1-3 Beds,"['Pets Allowed', 'Fitness Center', 'Pool', 'Dishwasher', 'Refrigerator']"
Belara Lakes,"8402 N Waterford Ave, Tampa, FL 33604","$1,329 - $3,349",1-3 Beds,"['Pets Allowed', 'Fitness Center', 'Pool', 'Dishwasher', 'Refrigerator']"
Bay Colony Apartments,"3403 W Marlin Ave, Tampa, FL 33611","$1,575 - $1,975",1-2 Beds,"['Pets Allowed', 'Fitness Center', 'Pool', 'Dishwasher', 'Refrigerator']"
Bayshore Palms at Soho,"1405 S Lorenzo Ave, Tampa, FL 33629","$1,549 - $2,320",1-2 Beds,"['Pets Allowed', 'Pool', 'Kitchen', 'Patio', 'Stainless Steel Appliances']"
Mallory Square,"11306 Mallory Square Dr, Tampa, FL 33635","$1,455 - $3,270",1-3 Beds,"['Pets Allowed', 'Fitness Center', 'Pool', 'Dishwasher', 'Refrigerator']"
MAA Hampton Preserve,"6398 Colonial Grand Dr, Tampa, FL 33647","$1,468 - $4,243",1-3 Beds,"['Pets Allowed', 'Fitness Center', 'Pool', 'Kitchen', 'In Unit Washer & Dryer']"
Luxe At 1820,"1820 Crosstown Club Pl, Tampa, FL 33619","$1,630 - $2,595",1-3 Beds,"['Pets Allowed', 'Fitness Center', 'Pool', 'Kitchen', 'In Unit Washer & Dryer']"
Summit West,"11500 Summit West Blvd, Tampa, FL 33617","$1,193 - $2,330",1-3 Beds,"['Pets Allowed', 'Fitness Center', 'Pool', 'In Unit Washer & Dryer']"
Edge at 1702,"1702 W Cleveland St, Tampa, FL 33606","$1,750 - $3,930",Studio - 3 Beds,"['Pets Allowed', 'In Unit Washer & Dryer', 'Granite Countertops']"
SkyHouse Channelside,"112 N 12th St, Tampa, FL 33602","$1,632 - $7,092",Studio - 3 Beds,"['Pets Allowed', 'Fitness Center', 'Pool', 'Dishwasher', 'Refrigerator']"
"River View Apartments, LLC","5659 Del Prado Dr, Tampa, FL 33617","$1,200 - $1,800",1-3 Beds,"['Pets Allowed', 'Fitness Center', 'Pool', 'Dishwasher', 'Refrigerator']"
Hidden Palms Apartment Homes,"14555 Bruce B Downs Blvd, Tampa, FL 33613","$1,325 - $1,940",1-2 Beds,"['Pets Allowed', 'Fitness Center', 'Pool', 'Dishwasher', 'Refrigerator']"
Brookview at Citrus Park,"12780 Olive Jones Rd, Tampa, FL 33625","$1,589 - $3,479",1-3 Beds,"['Pets Allowed', 'Fitness Center', 'Pool', 'Dishwasher', 'Kitchen', 'In Unit Washer & Dryer']"
Cortland Bowery,"6301 S Westshore Blvd, Tampa, FL 33616","$1,562 - $3,470",Studio - 2 Beds,"['Pets Allowed', 'Fitness Center', 'Pool', 'In Unit Washer & Dryer']"
Carlton Arms North,"6400 Markstown Dr, Tampa, FL 33617","$1,008 - $1,967",Studio - 2 Beds,"['Pets Allowed', 'Fitness Center', 'Pool', 'Dishwasher', 'Refrigerator']"
The Grand Reserve at Tampa Palms Apartments,"16616 Palm Royal Dr, Tampa, FL 33647","$1,550 - $3,110",1-4 Beds,"['Pets Allowed', 'Fitness Center', 'Pool', 'Dishwasher', 'Kitchen', 'In Unit Washer & Dryer']"
Lakeview Oaks,"14201 Cyber Pl, Tampa, FL 33613","$1,694 - $2,784",1-3 Beds,"['Pets Allowed', 'Pool', 'Refrigerator', 'Kitchen', 'In Unit Washer & Dryer']"
Links at Pebble Creek,"18940 Pebble Links Cir, Tampa, FL 33647","$1,570 - $2,005",1-2 Beds,"['Pets Allowed', 'Fitness Center', 'Pool', 'Dishwasher', 'In Unit Washer & Dryer']"
Audubon Village,"5830 Memorial Hwy, Tampa, FL 33615","$1,430 - $1,860",1-2 Beds,"['Pets Allowed', 'Fitness Center', 'Pool', 'Kitchen', 'Walk-In Closets']"
Caribbean Breeze,"14501 Caribbean Breeze Dr, Tampa, FL 33613","$1,381 - $2,506",1-2 Beds,"['Pets Allowed', 'Fitness Center', 'Pool', 'Dishwasher', 'Refrigerator']"
Nine15,"915 N Franklin St, Tampa, FL 33602","$2,078 - $7,987",Studio - 2 Beds,"['Pets Allowed', 'Fitness Center', 'Refrigerator', 'Kitchen', 'Walk-In Closets']"
Noho Flats,"401 N Rome Ave, Tampa, FL 33606","$1,838 - $4,645",1-3 Beds,"['Pets Allowed', 'Fitness Center', 'Pool', 'Dishwasher', 'Refrigerator']"
Casa Bella Apartments,"6601 S Westshore Blvd, Tampa, FL 33616","$1,475 - $3,038",1-3 Beds,"['Pets Allowed', 'Fitness Center', 'Pool', 'Dishwasher', 'Refrigerator']"
The Sedona,"12802 Saddle Club Cir, Tampa, FL 33635","$2,040 - $3,584",1-3 Beds,"['Pets Allowed', 'In Unit Washer & Dryer', 'Business Center', 'Ceiling Fans']"
Davis Islands Apartments,"29 Davis Blvd, Tampa, FL 33606","$1,250 - $2,300",Studio - 2 Beds,"['Pets Allowed', 'Pool', 'Dishwasher', 'Refrigerator', 'Kitchen', 'In Unit Washer & Dryer']"
Arbour Ponds Apartments,"2901 N Dale Mabry Hwy, Tampa, FL 33607","$1,488 - $4,003",Studio - 2 Beds,"['Pets Allowed', 'Fitness Center', 'Pool', 'Dishwasher', 'In Unit Washer & Dryer']"
The Falls at New Tampa,"13400 Arbor Isle Dr, Tampa, FL 33637","$1,265 - $2,050",1-3 Beds,"['Pets Allowed', 'Fitness Center', 'Pool', 'Dishwasher', 'Refrigerator']"
The Flats at Seminole Heights,"4111 N Poplar Ave, Tampa, FL 33603","$1,350 - $1,725",1-2 Beds,"['Pets Allowed', 'Fitness Center', 'Pool', 'In Unit Washer & Dryer']"
Cinnamon Cove Apartments,"12401 N 15th St, Tampa, FL 33612","$1,180 - $1,400",1-2 Beds,"['High-Speed Internet', 'Smoke Free']"
Mezzo of Tampa Palms,"15210 Amberly Dr, Tampa, FL 33647","$1,599 - $2,499",1-3 Beds,"['Pets Allowed', 'Fitness Center', 'Pool', 'In Unit Washer & Dryer']"
The Legacy Apartments,"5205 N North Blvd, Tampa, FL 33603","$1,499 - $4,541",1-3 Beds,"['Pets Allowed', 'Fitness Center', 'Pool', 'Dishwasher', 'Refrigerator']"
Crosstown Walk,"10151 Iris Crosstown Dr, Tampa, FL 33619","$1,601 - $3,611",1-3 Beds,"['Pets Allowed', 'Fitness Center', 'Pool', 'Dishwasher', 'Kitchen', 'In Unit Washer & Dryer']"
The Preserve at Westchase,"12349 W Linebaugh Ave, Tampa, FL 33626","$1,814 - $3,443",1-3 Beds,"['Pets Allowed', 'Fitness Center', 'Pool', 'Dishwasher', 'Kitchen', 'In Unit Washer & Dryer']"
Fernwood Grove Apartments,"4900 N Macdill Ave, Tampa, FL 33614","$1,365 - $1,685",1-2 Beds,"['Pets Allowed', 'Pool', 'Refrigerator', 'In Unit Washer & Dryer']"
The Hyde Park Collection,"511 S Westland Ave, Tampa, FL 33606","$900 - $1,900",Studio - 2 Beds,"['Pets Allowed', 'Dishwasher', 'Maintenance on site', 'Ceiling Fans']"
Haven at Waters Edge,"8415 N Armenia Ave, Tampa, FL 33604","$1,274 - $2,388",1-2 Beds,"['Pets Allowed', 'Fitness Center', 'Pool', 'Dishwasher', 'Refrigerator']"
Tuscany Bay Apartments,"12065 Tuscany Bay Dr, Tampa, FL 33626","$1,843 - $4,788",1-3 Beds,"['Pets Allowed', 'Fitness Center', 'Pool', 'Dishwasher', 'Refrigerator']"
Waterview at Rocky Point Apartments,"4314 Ginger Cove Dr, Tampa, FL 33634","$1,539 - $1,875",1-3 Beds,"['Pets Allowed', 'Fitness Center', 'Pool', 'Dishwasher', 'In Unit Washer & Dryer']"
Deerpath on the Lake,"10200 N Armenia Ave, Tampa, FL 33612","$1,273 - $4,208",Studio - 3 Beds,"['Pets Allowed', 'Fitness Center', 'Pool', 'Dishwasher', 'Kitchen', 'In Unit Washer & Dryer']"
Andover Place at Cross Creek,"10328 Venitia Real Ave, Tampa, FL 33647","$1,344 - $2,295",1-3 Beds,"['Pets Allowed', 'Fitness Center', 'Pool', 'Dishwasher', 'Refrigerator']"
MAA Rocky Point,"3101 N Rocky Point Dr E, Tampa, FL 33607","$1,500 - $5,145",1-3 Beds,"['Pets Allowed', 'Gated']"
Vinings at Hunter's Green,"8801 Hunters Lake Dr, Tampa, FL 33647","$1,482 - $2,899",1-3 Beds,"['Pets Allowed', 'Fitness Center', 'Pool', 'Dishwasher', 'Refrigerator']"
Viridian Apartments,"12702 University Club Dr, Tampa, FL 33612","$1,222 - $2,316",1-3 Beds,"['Pets Allowed', 'Fitness Center', 'Pool', 'Dishwasher', 'Refrigerator']"
The Addison at Tampa Oaks,"13052 Tampa Oaks Blvd, Tampa, FL 33637","$1,355 - $2,420",Studio - 3 Beds,"['Pets Allowed', 'Fitness Center', 'Pool', 'Clubhouse', 'Maintenance on site']"
THE PARQ AT CROSS CREEK,"10821 Cross Creek Blvd, Tampa, FL 33647","$1,672 - $2,552",1-3 Beds,"['Pets Allowed', 'Fitness Center', 'Pool', 'Kitchen', 'In Unit Washer & Dryer']"
The Villas at Westchase,"12201 Lexington Park Dr, Tampa, FL 33626","$1,712 - $4,892",1-3 Beds,"['Pets Allowed', 'Fitness Center', 'Pool', 'Clubhouse', 'Stainless Steel Appliances']"
Warehouse Lofts,"1703 N Tampa St, Tampa, FL 33602","$1,595 - $2,300",Studio - 2 Beds,"['Pets Allowed', 'Fitness Center', 'Dishwasher', 'Refrigerator']"
Sun Bay Palms at South Tampa,"6237 S Manhattan Ave, Tampa, FL 33616","$1,749 - $2,260",2 Beds,"['Pets Allowed', 'Pool', 'Dishwasher', 'Kitchen', 'In Unit Washer & Dryer']"
Portofino Apartments,"8702 New Tampa Blvd, Tampa, FL 33647","$1,602 - $2,056",1-3 Beds,"['Pets Allowed', 'Fitness Center', 'Pool', 'In Unit Washer & Dryer']"
Grove at Temple Terrace,"8741 Grove Terrace, Tampa, FL 33617","$1,225 - $1,475",2 Beds,"['Pets Allowed', 'Fitness Center', 'Pool', 'Dishwasher', 'Refrigerator']"
The Fitzgerald,"1211 E Kennedy Blvd, Tampa, FL 33602","$2,624 - $3,721",1-2 Beds,"['Pets Allowed', 'Fitness Center', 'Pool', 'Dishwasher', 'Refrigerator']"
Bay Crossing,"4711 S Himes Ave, Tampa, FL 33611","$1,399 - $3,448",1-2 Beds,"['Pets Allowed', 'Fitness Center', 'Pool', 'Dishwasher', 'Refrigerator']"
Cortland Lakecrest,"10420 N McKinley Dr, Tampa, FL 33612","$1,574 - $5,626",1-3 Beds,"['Pets Allowed', 'Pool', 'Dishwasher', 'Refrigerator', 'Kitchen', 'In Unit Washer & Dryer']"
Veranda at Westchase,"12401 W Hillsborough Ave, Tampa, FL 33635","$1,441 - $3,179",1-3 Beds,"['Pets Allowed', 'Fitness Center', 'Pool', 'Dishwasher', 'Refrigerator']"
The Lodge at Hidden River,"14059 Riveredge Dr, Tampa, FL 33637","$1,608 - $3,827",1-3 Beds,"['Pets Allowed', 'Pool', 'Kitchen', 'In Unit Washer & Dryer', 'Stainless Steel Appliances']"
M South,"5110 S Manhattan Ave, Tampa, FL 33611","$1,947 - $3,330",1-3 Beds,"['Fitness Center', 'Pool', 'Clubhouse', 'Balcony']"
Anchor Riverwalk,"109 W Fortune St, Tampa, FL 33602","$1,977 - $6,858",Studio - 3 Beds,"['Pets Allowed', 'Fitness Center', 'Pool', 'Dishwasher', 'Kitchen', 'In Unit Washer & Dryer']"
The Pearl,"2110 N Ola Ave, Tampa, FL 33602","$2,207 - $4,144",1-3 Beds,"['Pets Allowed', 'Fitness Center', 'Pool', 'Dishwasher', 'Refrigerator']"
The Oasis at Highwoods Preserve,"18311 Highwoods Preserve Pky, Tampa, FL 33647","$1,692 - $2,694",1-3 Beds,"['Pets Allowed', 'Fitness Center', 'Pool', 'Dishwasher', 'Refrigerator']"
Cortona South Tampa,"5145 S Dale Mabry Hwy, Tampa, FL 33611","$2,100 - $5,412",1-3 Beds,"['Pets Allowed', 'Pool', 'Clubhouse', 'Microwave', 'Grill', 'Business Center']"
Lector 85,"2409 E 2nd Ave, Ybor City, FL 33605","$1,486 - $5,127",Studio - 3 Beds,"['Pets Allowed', 'Pool', 'Maintenance on site']"
Doral Oaks,"105 Sunnyside Rd, Temple Terrace, FL 33617","$1,299 - $2,900",1-3 Beds,"['Pets Allowed', 'High-Speed Internet', 'Smoke Free']"
Havana Square Apartments,"400 N Rome Ave, Tampa, FL 33606","$1,863 - $5,773",1-3 Beds,"['Pool', 'Fitness Center', 'Elevator', 'Clubhouse', 'Washer/Dryer', 'Air Conditioning', 'Dishwasher', 'Walk-In Closets', 'Island Kitchen', 'Granite Countertops', 'Yard', 'Microwave']"
Olympus Harbour Island,"301 Harbour Place Dr, Tampa, FL 33602","$2,371 - $5,141",Studio - 3 Beds,"['Pool', 'Fitness Center', 'Elevator', 'Clubhouse', 'Washer/Dryer', 'Air Conditioning', 'Dishwasher', 'Hardwood Floors']"
Grady Square,"2615 N Grady Ave, Tampa, FL 33607","$1,674 - $4,884",Studio - 3 Beds,"['Pool', 'Fitness Center', 'Elevator', 'Clubhouse', 'Controlled Access', 'Business Center', 'Grill', 'Conference Rooms', 'Washer/Dryer', 'Air Conditioning', 'Dishwasher', 'High Speed Internet Access', 'Hardwood Floors', 'Walk-In Closets', 'Island Kitchen', 'Granite Countertops']"
Raintree Park,"12710 English Hills Ct, Tampa, FL 33617","$1,509 - $1,659",2 Beds,"['Pool', 'Laundry Facilities', 'Playground', 'Grill', 'Air Conditioning', 'Washer/Dryer Hookup', 'High Speed Internet Access', 'Walk-In Closets']"
Lantower Westshore,"4504 W Spruce St, Tampa, FL 33607","$1,943 - $2,991",1-3 Beds,"['Pool', 'Fitness Center', 'Elevator', 'Clubhouse', 'Washer/Dryer', 'Air Conditioning', 'Fireplace', 'Stainless Steel Appliances']"
Tuscany Pointe at Tampa Apartment Homes,"3350 W Hillsborough Ave, Tampa, FL 33614","$1,365 - $2,528",1-2 Beds,"['Pool', 'Fitness Center', 'Clubhouse', 'Business Center', 'Air Conditioning', 'Dishwasher', 'Granite Countertops', 'Microwave']"
Advenir at The Watson,"4502 W McCoy St, Tampa, FL 33616","$1,844 - $2,664",1-2 Beds,"['Pool', 'Fitness Center', 'Clubhouse', 'Controlled Access', 'Recycling', 'Business Center', 'Grill', 'Gated', 'Washer/Dryer', 'Air Conditioning', 'Dishwasher', 'Walk-In Closets', 'Island Kitchen', 'Microwave', 'Refrigerator', 'Wi-Fi']"
The Foundry at NoHo,"800 N Howard Ave, Tampa, FL 33606","$1,868 - $2,966",Studio - 1 Bed,"['Pool', 'Fitness Center', 'Clubhouse', 'Controlled Access', 'Washer/Dryer', 'Hardwood Floors', 'Walk-In Closets', 'Island Kitchen']"
The Rio Apartments,"7011 San Ramon Pl, Tampa, FL 33617","$1,400 - $2,050",2-3 Beds,"['Pool', 'Laundry Facilities', 'Clubhouse', 'Package Service']"
The Canopy Townhomes,"1505 E Comanche Ave, Tampa, FL 33610","$2,699 - $2,999",3 Beds,"['Washer/Dryer', 'Air Conditioning', 'Dishwasher', 'Granite Countertops']"
"Club at Hidden River, The","13564 Cypress Glen Ln, Tampa, FL 33637","$2,250 - $3,100",2-4 Beds,"['Pool', 'Clubhouse', 'Gated', 'Property Manager on Site', 'Walk-In Closets', 'Granite Countertops', 'Ceiling Fans', 'Double Vanities']"
"The Linx Apartments, LLC","4512 Blue Tee Ct, Tampa, FL 33613","$1,225 - $1,525",1-2 Beds,"['Pool', 'Laundry Facilities', 'Playground', 'Clubhouse', 'Air Conditioning', 'Patio', 'Ceiling Fans', 'Cable Ready']"
Carrollwood Station,"8781 White Swan Dr, Tampa, FL 33614","$1,328 - $2,126",1-2 Beds,"['Fitness Center', 'Laundry Facilities', 'Clubhouse', 'Business Center', 'Washer/Dryer', 'Air Conditioning', 'Dishwasher', 'High Speed Internet Access']"
Hite & Notch Apartments,"6002 N Florida Ave, Tampa, FL 33604","$1,490 - $2,350",Studio - 2 Beds,"['Elevator', 'Recycling', 'Pet Washing Station', 'Property Manager on Site']"
Aurora,"124 S Morgan St, Tampa, FL 33602","$2,118 - $4,555",Studio - 3 Beds,"['Pool', 'Fitness Center', 'Laundry Facilities', 'Elevator', 'Concierge', 'Clubhouse', 'Controlled Access', 'Business Center', 'Washer/Dryer', 'Air Conditioning', 'Dishwasher', 'High Speed Internet Access', 'Hardwood Floors', 'Walk-In Closets', 'Island Kitchen', 'Granite Countertops']"
The Grove Apartments,"13944 Sandy Hill Loop, Tampa, FL 33613","$1,200 - $1,600",1-2 Beds,"['Pool', 'Laundry Facilities', 'Playground', 'Clubhouse', 'Air Conditioning', 'Dishwasher', 'High Speed Internet Access', 'Hardwood Floors']"
Andover Club Apartments,"4824 E Busch Blvd, Tampa, FL 33617","$1,150 - $1,650",Studio - 2 Beds,"['Grill', 'Pet Play Area', 'Picnic Area', 'Maintenance on site', 'Washer/Dryer Hookup', 'High Speed Internet Access', 'Hardwood Floors', 'Yard', 'Microwave', 'Refrigerator', 'Tub/Shower', 'Freezer']"
The Lenox,"11311 N 22nd St, Tampa, FL 33612","$1,150 - $1,500",Studio - 2 Beds,"['Pool', 'Fitness Center', 'Laundry Facilities', 'Elevator', 'Air Conditioning', 'Dishwasher', 'Walk-In Closets', 'Tub/Shower']"
Vista North,"2200 Cedar Trace Cir, Tampa, FL 33613","$1,350 - $1,630",1-3 Beds,"['Pool', 'Laundry Facilities', 'Playground', 'Clubhouse', 'Washer/Dryer', 'Air Conditioning', 'Dishwasher', 'Washer/Dryer Hookup']"
The Preserve At Temple Terrace,"7855 E Fletcher Ave, Tampa, FL 33637","$1,425 - $2,000",1-3 Beds,"['Pool', 'Fitness Center', 'Laundry Facilities', 'Clubhouse', 'Air Conditioning', 'Dishwasher', 'Washer/Dryer Hookup', 'Walk-In Closets']"
Palm Flats Apartments,"1550 University Woods Pl, Tampa, FL 33612","$1,399 - $1,749",2 Beds,"['Pool', 'Fitness Center', 'Laundry Facilities', 'Controlled Access', 'Washer/Dryer', 'Air Conditioning', 'Dishwasher', 'Washer/Dryer Hookup', 'Walk-In Closets', 'Microwave', 'Refrigerator', 'Tub/Shower']"
Town Park Villas,"6064 Gibson Ave, Tampa, FL 33617","$1,945 - $2,149",3 Beds,"['Dishwasher', 'Granite Countertops', 'Microwave', 'Refrigerator']"
The River Pointe Apartments,"8024 Hidden River Dr, Tampa, FL 33617","$1,150 - $1,900",1-3 Beds,"['Pool', 'Laundry Facilities', 'Playground', 'Clubhouse', 'Air Conditioning', 'Dishwasher', 'Washer/Dryer Hookup', 'Granite Countertops']"
Timber Trace Apartments,"11716 N 58th St, Tampa, FL 33617","$1,139 - $1,249",1-2 Beds,"['Dishwasher', 'Microwave', 'Refrigerator', 'Ceiling Fans']"
Armature Park Apartments,"7702 Rivergate Dr, Tampa, FL 33619","$1,524",2 Beds,"['Playground', 'Grill', 'Pet Play Area', 'Basketball Court', 'Air Conditioning', 'Washer/Dryer Hookup', 'High Speed Internet Access', 'Granite Countertops']"
The Bahia Apartments,"2902 Sycamore Ct, Tampa, FL 33613","$1,150 - $1,850",Studio - 3 Beds,"['Pool', 'Laundry Facilities', 'Playground', 'Clubhouse']"
The Wave Apartments,"14350 N 22nd St, Tampa, FL 33613","$1,075 - $1,150",1 Bed,"['Pool', 'Laundry Facilities', 'Playground', 'Gated', 'Dishwasher', 'Walk-In Closets', 'Granite Countertops', 'Refrigerator']"
"The Ava Apartments, LLC","4902 N Macdill Ave, Tampa, FL 33614","$1,000 - $1,550",Studio - 2 Beds,"['Pool', 'Laundry Facilities', 'Playground', 'Business Center', 'Air Conditioning', 'Dishwasher', 'High Speed Internet Access', 'Refrigerator']"
Oak Chase Apartments,"12535 Tinsley Cir, Tampa, FL 33612","$513 - $1,417",1-4 Beds,"['Pool', 'Laundry Facilities', 'Furnished Units Available', 'Playground', 'Air Conditioning', 'Dishwasher', 'Washer/Dryer Hookup', 'Walk-In Closets', 'Refrigerator', 'Tub/Shower', 'Disposal', 'Patio']"
Waverly Terrace,"8901 Bertha Palmer Blvd, Temple Terrace, FL 33617","$1,793 - $3,661",1-3 Beds,"['Pool', 'Fitness Center', 'Clubhouse', 'Business Center', 'Washer/Dryer', 'Granite Countertops', 'Stainless Steel Appliances', 'Ceiling Fans']"
Seastone Apartments,"11050 Le Jardin Cir, Temple Terrace, FL 33617","$1,733 - $2,550",2-3 Beds,"['Pool', 'Pet Play Area', 'Property Manager on Site', 'Maintenance on site', 'Washer/Dryer', 'Air Conditioning', 'Dishwasher', 'High Speed Internet Access', 'Hardwood Floors', 'Walk-In Closets', 'Granite Countertops', 'Microwave']"
Heritage at Temple Terrace - One of a kind...,"10605 N 56th St, Temple Terrace, FL 33617","$1,499 - $1,995",2-3 Beds,"['Pool', 'Laundry Facilities', 'Picnic Area', 'Maintenance on site', 'Air Conditioning', 'Dishwasher', 'Washer/Dryer Hookup', 'Walk-In Closets']"
River Rock Apartments,"11301 N 53rd St, Temple Terrace, FL 33617","$1,733 - $2,550",2-3 Beds,"['Pool', 'Playground', 'Grill', 'Picnic Area', 'Washer/Dryer', 'Air Conditioning', 'Dishwasher', 'High Speed Internet Access', 'Hardwood Floors', 'Walk-In Closets', 'Granite Countertops', 'Microwave']"
Novus Westshore,"4310 W Spruce St, Tampa, FL 33607","$2,101 - $4,634",Studio - 3 Beds,"['Pool', 'Fitness Center', 'Elevator', 'Clubhouse', 'Controlled Access', 'Business Center', 'Grill', 'Gated', 'Washer/Dryer', 'Air Conditioning', 'Dishwasher', 'High Speed Internet Access', 'Walk-In Closets', 'Island Kitchen', 'Granite Countertops', 'Microwave']"
The Morrison,"936 S Howard Ave, Tampa, FL 33606","$3,250 - $3,549",2 Beds,"['Pool', 'Fitness Center', 'Elevator', 'Clubhouse', 'Controlled Access', 'Recycling', 'Grill', 'Gated', 'Washer/Dryer', 'Air Conditioning', 'Dishwasher', 'Hardwood Floors', 'Walk-In Closets', 'Island Kitchen', 'Granite Countertops', 'Microwave']"
NAVARA,"921 N Central Ave, Tampa, FL 33602","$1,969 - $4,131",Studio - 3 Beds,"['Air Conditioning', 'Dishwasher', 'Microwave', 'Dining Room']"
Azola South Tampa,"7701 Interbay Blvd, Tampa, FL 33616","$1,778 - $3,863",1-3 Beds,"['Pool', 'Fitness Center', 'Clubhouse', 'Controlled Access', 'Air Conditioning', 'Dishwasher', 'Refrigerator', 'Tub/Shower']"
Greenbriar Apartments,"13214 Bunn Cir, Tampa, FL 33612","$1,300 - $1,425",1-2 Beds,"['Air Conditioning', 'Dishwasher', 'High Speed Internet Access', 'Stainless Steel Appliances']"
Windsor Manor,"8610 Pine Tree Ct, Tampa, FL 33604","$1,400 - $1,950",1-3 Beds,"['Pool', 'Laundry Facilities', 'Playground', 'Property Manager on Site', 'Air Conditioning', 'Refrigerator', 'Disposal', 'Patio']"
Alton Westshore,"5320 S West Shore Blvd, Tampa, FL 33611","$1,805 - $5,138",Studio - 2 Beds,"['Pool', 'Fitness Center', 'Controlled Access', 'Business Center', 'Washer/Dryer', 'Air Conditioning', 'Dishwasher', 'High Speed Internet Access', 'Walk-In Closets', 'Microwave', 'Refrigerator', 'Tub/Shower']"
The Preserve at Tampa Palms,"17220 Heart Of Palms Dr, Tampa, FL 33647","$1,535 - $3,089",1-3 Beds,"['Pool', 'Playground', 'Clubhouse', 'Controlled Access', 'Air Conditioning', 'Dishwasher', 'High Speed Internet Access', 'Granite Countertops', 'Microwave', 'Refrigerator', 'Wi-Fi', 'Tub/Shower']"
Ascent Citrus Park,"8102 N Sheldon Rd, Tampa, FL 33615","$1,375 - $1,895",1-2 Beds,"['Pool', 'Fitness Center', 'Clubhouse', 'Grill', 'Washer/Dryer', 'High Speed Internet Access', 'Walk-In Closets', 'Wi-Fi']"
MAA Belmere,"5102 Belmere Pky, Tampa, FL 33624","$1,409 - $2,665",1-2 Beds,"['Pool', 'Laundry Facilities', 'Playground', 'Clubhouse', 'Air Conditioning', 'High Speed Internet Access', 'Yard', 'Wi-Fi']"
Oasis at Ballast Point,"3730 W Bay Ave, Tampa, FL 33611","$1,200 - $1,750",1-2 Beds,"['Pool', 'Laundry Facilities', 'Grill', 'Picnic Area', 'Air Conditioning', 'Dishwasher', 'High Speed Internet Access', 'Walk-In Closets']"
French Quarter,"6423 N Armenia Ave, Tampa, FL 33604","$1,349 - $1,840",1-2 Beds,"['Pool', 'Laundry Facilities', 'Playground', 'Property Manager on Site', 'Air Conditioning', 'Dishwasher', 'High Speed Internet Access', 'Walk-In Closets']"
Cypress Grand Apartments,"8134 Colonial Village Dr, Tampa, FL 33625","$1,770 - $2,742",1-3 Beds,"['Pool', 'Fitness Center', 'Concierge', 'Clubhouse', 'Washer/Dryer', 'Air Conditioning', 'Dishwasher', 'High Speed Internet Access', 'Walk-In Closets', 'Granite Countertops', 'Microwave', 'Refrigerator']"
Heritage Cove,"7402 Heritage Hills Dr, Tampa, FL 33637","$1,399 - $1,725",2 Beds,"['Pool', 'Laundry Facilities', 'Concierge', 'Gated', 'Air Conditioning', 'Dishwasher', 'Washer/Dryer Hookup', 'High Speed Internet Access', 'Walk-In Closets', 'Granite Countertops', 'Refrigerator', 'Tub/Shower']"
The Commons,"3408 W Lancaster Ct, Tampa, FL 33614","$1,797 - $3,626",2-4 Beds,"['Pool', 'Fitness Center', 'Laundry Facilities', 'Playground', 'Clubhouse', 'Controlled Access', 'Recycling', 'Grill', 'Washer/Dryer', 'Air Conditioning', 'Dishwasher', 'Washer/Dryer Hookup', 'High Speed Internet Access', 'Walk-In Closets', 'Microwave', 'Refrigerator']"
The Park on Waters,"2701 W Waters Ave, Tampa, FL 33614","$1,355 - $1,810",1-2 Beds,"['Pool', 'Fitness Center', 'Laundry Facilities', 'Clubhouse', 'Air Conditioning', 'Dishwasher', 'High Speed Internet Access', 'Hardwood Floors', 'Walk-In Closets', 'Refrigerator', 'Disposal', 'Fireplace']"
Park Del Mar Apartments,"19411 Via Del Mar, Tampa, FL 33647","$1,506 - $2,276",1-3 Beds,"['Pool', 'Fitness Center', 'Playground', 'Clubhouse', 'Washer/Dryer', 'High Speed Internet Access', 'Walk-In Closets', 'Microwave']"
2 Bayshore,"101 W Beach Pl, Tampa, FL 33606","$2,182 - $5,347",Studio - 3 Beds,"['Pool', 'Fitness Center', 'Elevator', 'Clubhouse', 'Roof Terrace', 'Controlled Access', 'Recycling', 'Business Center', 'Washer/Dryer', 'Air Conditioning', 'Dishwasher', 'Walk-In Closets', 'Island Kitchen', 'Granite Countertops', 'Microwave', 'Refrigerator']"
Society Westshore Apartments,"2202 N Lois Ave, Tampa, FL 33607","$1,791 - $4,635",Studio - 3 Beds,"['Fitness Center', 'Clubhouse', 'Roof Terrace', 'Business Center', 'Air Conditioning', 'Dishwasher', 'Microwave', 'Refrigerator']"
4800 Westshore,"4800 S Westshore Blvd, Tampa, FL 33611","$1,697 - $2,302",1-2 Beds,"['Pool', 'Fitness Center', 'Clubhouse', 'Recycling', 'Business Center', 'Grill', 'Community-Wide WiFi', 'Package Service', 'Washer/Dryer', 'Air Conditioning', 'Dishwasher', 'High Speed Internet Access', 'Hardwood Floors', 'Walk-In Closets', 'Granite Countertops', 'Microwave']"
Varela Westshore Apartments,"1701 N Lois Ave, Tampa, FL 33607","$1,832 - $3,913",Studio - 3 Beds,"['Pool', 'Fitness Center', 'Laundry Facilities', 'Elevator', 'Clubhouse', 'Controlled Access', 'Recycling', 'Business Center', 'Washer/Dryer', 'Air Conditioning', 'Dishwasher', 'High Speed Internet Access', 'Walk-In Closets', 'Island Kitchen', 'Granite Countertops', 'Microwave']"
Ascott Place Apartments,"14003 Saulk Ct, Tampa, FL 33613","$1,243 - $3,501",1-2 Beds,"['Pool', 'Fitness Center', 'Laundry Facilities', 'Clubhouse', 'Air Conditioning', 'Dishwasher', 'Washer/Dryer Hookup', 'High Speed Internet Access']"
The Park at Avanti,"6161 Memorial Hwy, Tampa, FL 33615","$1,249 - $1,799",1-2 Beds,"['Pool', 'Laundry Facilities', 'Clubhouse', 'Business Center', 'Air Conditioning', 'Dishwasher', 'Washer/Dryer Hookup', 'Refrigerator']"
Crosswynde Apartments,"1502 Marsh Cove Ct, Tampa, FL 33619","$1,485 - $4,201",1-3 Beds,"['Pool', 'Fitness Center', 'Laundry Facilities', 'Playground', 'Washer/Dryer', 'Air Conditioning', 'Dishwasher', 'Patio']"
The Landings At Cypress Meadows,"3605 Landings Way Dr, Tampa, FL 33624","$1,325 - $2,095",1-3 Beds,"['Pool', 'Fitness Center', 'Playground', 'Clubhouse', 'Washer/Dryer', 'Air Conditioning', 'Dishwasher', 'High Speed Internet Access', 'Walk-In Closets', 'Refrigerator', 'Tub/Shower', 'Disposal']"
The Beck at Hidden River,"8801 Hidden River Pky, Tampa, FL 33637","$1,668 - $3,982",1-3 Beds,"['Pool', 'Fitness Center', 'Elevator', 'Clubhouse', 'Controlled Access', 'Recycling', 'Business Center', 'Grill', 'Washer/Dryer', 'Air Conditioning', 'Dishwasher', 'High Speed Internet Access', 'Hardwood Floors', 'Walk-In Closets', 'Island Kitchen', 'Granite Countertops']"
Westwood Reserve Apartments,"8801 Citrus Village Dr, Tampa, FL 33626","$1,630 - $3,003",1-3 Beds,"['Pool', 'Fitness Center', 'Playground', 'Clubhouse', 'Recycling', 'Business Center', 'Grill', 'Gated', 'Washer/Dryer', 'Air Conditioning', 'Dishwasher', 'High Speed Internet Access', 'Walk-In Closets', 'Granite Countertops', 'Microwave', 'Refrigerator']"
Compton Place,"6000 Compton Estates Way, Tampa, FL 33647","$1,625 - $2,295",1-3 Beds,"['Pool', 'Fitness Center', 'Laundry Facilities', 'Playground', 'Washer/Dryer', 'Air Conditioning', 'Dishwasher', 'High Speed Internet Access', 'Walk-In Closets', 'Refrigerator', 'Tub/Shower', 'Disposal']"
Windwood Oaks Apartments,"202 Windwood Oaks Dr, Tampa, FL 33613","$1,246 - $1,713",Studio - 2 Beds,"['Pool', 'Fitness Center', 'Laundry Facilities', 'Playground', 'Clubhouse', 'Controlled Access', 'Business Center', 'Gated', 'Air Conditioning', 'Dishwasher', 'Washer/Dryer Hookup', 'High Speed Internet Access']"
Atwater Westchase,"6158 Beacon Isles Dr, Tampa, FL 33615","$1,399 - $1,749",Studio - 2 Beds,"['Pool', 'Fitness Center', 'Laundry Facilities', 'Playground', 'Clubhouse', 'Controlled Access', 'Grill', 'Gated', 'Air Conditioning', 'Dishwasher', 'High Speed Internet Access', 'Walk-In Closets', 'Granite Countertops', 'Microwave', 'Refrigerator', 'Tub/Shower']"
4050 Lofts,"4050 Rocky Cir, Tampa, FL 33613",$909 - $999,3-4 Beds,"['Pool', 'Fitness Center', 'Furnished Units Available', 'Clubhouse', 'High Speed Internet Access', 'Wi-Fi', 'Smoke Free', 'Furnished']"
Lofton Place Apartments,"5412 Deerbrooke Creek Cir, Tampa, FL 33624","$1,242 - $2,337",1-3 Beds,[]
Station 42,"4201 Monticello Gardens Pl, Tampa, FL 33613",$879 - $909,4 Beds,"['Pool', 'Fitness Center', 'Furnished Units Available', 'Clubhouse', 'Washer/Dryer', 'Air Conditioning', 'Dishwasher', 'High Speed Internet Access', 'Hardwood Floors', 'Walk-In Closets', 'Island Kitchen', 'Granite Countertops']"
Lake Azzure Apartments,"8505 Lincoln Cove Dr, Tampa, FL 33614","$1,255 - $2,000",1-3 Beds,"['Pool', 'Fitness Center', '24 Hour Access', 'Pet Play Area', 'Air Conditioning', 'Dishwasher', 'Washer/Dryer Hookup', 'High Speed Internet Access', 'Hardwood Floors', 'Walk-In Closets', 'Refrigerator', 'Tub/Shower']"
Vantage on Hillsborough Apartments,"5307 Reflections Club Dr, Tampa, FL 33634","$1,544 - $4,137",1-3 Beds,"['Pool', 'Fitness Center', 'Laundry Facilities', 'Playground', 'Washer/Dryer', 'Air Conditioning', 'Dishwasher', 'High Speed Internet Access', 'Walk-In Closets', 'Granite Countertops', 'Wi-Fi', 'Tub/Shower']"
Bridges at Crosstown,"9712 Bosque Creek Cir, Tampa, FL 33619","$1,586 - $2,609",1-3 Beds,"['Pool', 'Fitness Center', 'Laundry Facilities', 'Clubhouse', 'Washer/Dryer', 'Air Conditioning', 'Dishwasher', 'High Speed Internet Access', 'Walk-In Closets', 'Granite Countertops', 'Microwave', 'Refrigerator']"
Sanctuary at Highland Oaks,"10246 Douglas Oaks Cir, Tampa, FL 33610","$1,294 - $4,701",1-4 Beds,"['Pool', 'Fitness Center', 'Playground', 'Grill', 'Air Conditioning', 'Dishwasher', 'Washer/Dryer Hookup', 'High Speed Internet Access']"
Element,"808 N Franklin St, Tampa, FL 33602","$2,165 - $5,070",1-2 Beds,"['Pool', 'Fitness Center', 'Laundry Facilities', 'Elevator', 'Washer/Dryer', 'Air Conditioning', 'Dishwasher', 'Granite Countertops']"
BAYVUE,"5902 Memorial Hwy, Tampa, FL 33615","$1,350 - $1,892",1-2 Beds,"['Pool', 'Fitness Center', 'Laundry Facilities', 'Clubhouse', 'Recycling', 'Grill', 'Trash Pickup - Door to Door', 'Package Service', 'Washer/Dryer', 'Air Conditioning', 'Dishwasher', 'Washer/Dryer Hookup', 'High Speed Internet Access', 'Hardwood Floors', 'Walk-In Closets', 'Granite Countertops']"
MAA Hyde Park,"502 S Fremont Ave, Tampa, FL 33606","$2,220 - $8,450",1-3 Beds,"['Pool', 'Fitness Center', 'Laundry Facilities', 'Furnished Units Available', 'Controlled Access', 'Recycling', 'Business Center', 'Grill', 'Washer/Dryer', 'Air Conditioning', 'Dishwasher', 'Washer/Dryer Hookup', 'High Speed Internet Access', 'Hardwood Floors', 'Walk-In Closets', 'Granite Countertops']"
Coopers Pond,"3701 Fountain Mist Dr, Tampa, FL 33614","$1,170 - $1,948",Studio - 2 Beds,"['Pool', 'Fitness Center', 'Laundry Facilities', 'Playground']"
Lighthouse Bay,"5055 S Dale Mabry Hwy, Tampa, FL 33611","$1,250 - $2,090",Studio - 2 Beds,"['Pool', 'Fitness Center', 'Laundry Facilities', 'Controlled Access', 'Air Conditioning', 'Dishwasher', 'Washer/Dryer Hookup', 'High Speed Internet Access', 'Walk-In Closets', 'Granite Countertops', 'Refrigerator', 'Tub/Shower']"
Hanley Place,"7315 W Hanna Ave, Tampa, FL 33634","$1,230 - $2,005",1-3 Beds,"['Pool', 'Fitness Center', 'Laundry Facilities', 'Clubhouse', 'Washer/Dryer', 'Air Conditioning', 'Walk-In Closets', 'Patio']"
Park Avenue Apartments,"11325 N 50th St, Tampa, FL 33617","$1,153 - $2,013",1-3 Beds,"['Pool', 'Fitness Center', 'Grill', '24 Hour Access', 'Washer/Dryer', 'Air Conditioning', 'Dishwasher', 'High Speed Internet Access', 'Walk-In Closets', 'Refrigerator', 'Wi-Fi', 'Tub/Shower']"
Grande Oasis at Carrollwood,"3516 Grand Cayman Dr, Tampa, FL 33614","$1,198 - $2,769",Studio - 3 Beds,"['Pool', 'Fitness Center', 'Laundry Facilities', 'Playground', 'Dishwasher', 'Washer/Dryer Hookup', 'Hardwood Floors', 'Refrigerator']"
Sabal Palm,"3602 Carrollwood Pl, Tampa, FL 33624","$1,223 - $2,331",1-3 Beds,"['Pool', 'Fitness Center', 'Playground', 'Clubhouse', 'Air Conditioning', 'High Speed Internet Access', 'Walk-In Closets', 'Wi-Fi']"
Westshore Crossing,"4515 N Rome Ave, Tampa, FL 33603","$1,125 - $1,980",Studio - 3 Beds,"['Laundry Facilities', 'Playground', 'Clubhouse', 'Grill', 'Air Conditioning', 'Dishwasher', 'Washer/Dryer Hookup', 'Loft Layout', 'High Speed Internet Access', 'Walk-In Closets', 'Refrigerator', 'Tub/Shower']"
Mirela North,"8412 Rio Bravo Ct, Tampa, FL 33617","$1,149 - $1,619",1-3 Beds,"['Pool', 'Fitness Center', 'Laundry Facilities', 'Playground', 'Air Conditioning', 'Dishwasher', 'High Speed Internet Access', 'Walk-In Closets']"
West Park Village by ARIUM,"9902 Brompton Dr, Tampa, FL 33626","$1,614 - $4,100",1-3 Beds,"['Pool', 'Fitness Center', 'Business Center', 'Grill', 'Washer/Dryer', 'Air Conditioning', 'Dishwasher', 'High Speed Internet Access']"
Crown Pointe Apartments,"4102 Oak Knoll Ct, Tampa, FL 33610","$1,100 - $1,550",1-3 Beds,"['Pool', 'Fitness Center', 'Laundry Facilities', 'Playground', 'Dishwasher', 'High Speed Internet Access', 'Refrigerator', 'Wi-Fi']"
Azula North,"4939 E Busch Blvd, Tampa, FL 33617","$999 - $1,499",1-2 Beds,"['Pool', 'Fitness Center', 'Playground', 'Clubhouse', 'Air Conditioning', 'Dishwasher', 'Washer/Dryer Hookup', 'High Speed Internet Access', 'Hardwood Floors', 'Walk-In Closets', 'Granite Countertops', 'Microwave']"
Enclave At Wesley Chapel,"1930 Devonwood Dr, Wesley Chapel, FL 33544","$1,435 - $1,912",1-3 Beds,"['Pool', 'Fitness Center', 'Clubhouse', 'Business Center', 'Air Conditioning', 'Walk-In Closets', 'Tub/Shower', 'Patio']"
Bonterra Parc,"1945 Noor St, Wesley Chapel, FL 33544","$1,449 - $2,573",1-3 Beds,"['Pool', 'Fitness Center', 'Playground', 'Clubhouse', 'Controlled Access', 'Business Center', 'Grill', 'Gated', 'Washer/Dryer', 'Dishwasher', 'Island Kitchen', 'Granite Countertops', 'Microwave', 'Tub/Shower', 'Ice Maker', 'Freezer']"
The Village Townhomes,"8731 N 50th St, Tampa, FL 33617","$1,650 - $1,750",2 Beds,[]
Carmen Apartments,"4303 W North a St, Tampa, FL 33609",Call for Rent,1 Bed,[]
The Park at Orvieto,"2015 Blue Rock Dr, Tampa, FL 33612","$1,299 - $1,759",1-2 Beds,"['Pool', 'Laundry Facilities', 'Clubhouse', 'Business Center', 'Air Conditioning', 'Dishwasher', 'Washer/Dryer Hookup', 'Refrigerator']"
Hyde Park Flats,"202 N Fremont Ave, Tampa, FL 33606","$1,830 - $1,980",1 Bed,"['Grill', 'Gated', '24 Hour Access', 'Lounge', 'Washer/Dryer', 'Air Conditioning', 'Granite Countertops', 'Refrigerator']"
13104-13108 Leisure Wood Pl,"13104-13108 Leisure Wood Pl, Tampa, FL 33612","$1,250 - $1,350",1 Bed,"['Laundry Facilities', 'Grill', 'Key Fob Entry', 'Trash Pickup - Curbside', 'Air Conditioning', 'High Speed Internet Access', 'Walk-In Closets', 'Refrigerator']"
The Place at Davis Islands,"411 Danube Ave, Tampa, FL 33606","$1,800 - $2,058",1 Bed,"['Pool', 'Grill', 'Picnic Area', 'Renters Insurance Program', 'Washer/Dryer', 'Hardwood Floors', 'Granite Countertops', 'Microwave']"
Gandy Parkside Apartments,"3208-3214 W Gandy Blvd, Tampa, FL 33611","$1,899",2 Beds,"['Washer/Dryer', 'Air Conditioning', 'Dishwasher', 'Hardwood Floors', 'Granite Countertops', 'Microwave', 'Refrigerator', 'Tub/Shower']"
Seasons at Westchase Apartments,"12011 Citrus Falls Cir, Tampa, FL 33625","$1,425 - $3,470",Studio - 3 Beds,"['Pool', 'Fitness Center', 'Playground', 'Clubhouse', 'Washer/Dryer', 'Air Conditioning', 'High Speed Internet Access', 'Wi-Fi']"
The Park at Palermo Apartments,"4302 Gunn Hwy, Tampa, FL 33618","$1,379 - $1,809",1-2 Beds,"['Pool', 'Clubhouse', 'Business Center', 'Sauna', 'Washer/Dryer', 'Air Conditioning', 'Dishwasher', 'Refrigerator']"
NuMi Living,"830 W Kennedy Blvd, Tampa, FL 33606","$1,599",Studio,"['Laundry Facilities', 'Furnished Units Available', 'Elevator', 'Controlled Access', 'Air Conditioning', 'Walk-In Closets', 'Microwave', 'Refrigerator']"
Vista Palms,"1701 E 131st Ave, Tampa, FL 33612","$1,019 - $1,336",1-2 Beds,"['Pool', 'Clubhouse', 'Business Center', 'Trash Pickup - Door to Door', 'Air Conditioning', 'Hardwood Floors', 'Yard', 'Microwave', 'Refrigerator', 'Tub/Shower', 'Fireplace', 'Patio']"
WestEnd,"7610 W Waters Ave, Tampa, FL 33615","$1,374 - $1,625",Studio - 2 Beds,"['Pool', 'Fitness Center', 'Laundry Facilities', 'Clubhouse', 'Washer/Dryer', 'Air Conditioning', 'Dishwasher', 'Walk-In Closets']"
Live Oak Apartments,"2232 N Spring Glade Cir, Tampa, FL 33613","$1,079 - $1,654",Studio - 2 Beds,"['Air Conditioning', 'Dishwasher', 'Washer/Dryer Hookup', 'High Speed Internet Access', 'Walk-In Closets', 'Refrigerator', 'Tub/Shower', 'Disposal']"
Palencia,"3450 Palencia Dr, Tampa, FL 33618","$1,199 - $1,756",1-2 Beds,"['Pool', 'Fitness Center', 'Laundry Facilities', 'Playground', 'Air Conditioning', 'Dishwasher', 'Washer/Dryer Hookup', 'High Speed Internet Access', 'Walk-In Closets', 'Microwave', 'Refrigerator', 'Tub/Shower']"
The Park at Lake Como,"8301 Crystal Harbour Dr, Tampa, FL 33615","$1,299 - $2,059",1-2 Beds,"['Pool', 'Laundry Facilities', 'Concierge', 'Playground', 'Washer/Dryer', 'Air Conditioning', 'Dishwasher', 'Washer/Dryer Hookup']"
St. James Crossing,"5620 Tranquility Oaks Dr, Tampa, FL 33624","$1,220 - $2,680",1-2 Beds,"['Pool', 'Fitness Center', 'Clubhouse', 'Lounge', 'Air Conditioning', 'Dishwasher', 'Washer/Dryer Hookup', 'High Speed Internet Access']"
Lark on 42nd,"14202 N 42nd St, Tampa, FL 33613","$899 - $1,009",2-4 Beds,"['Pool', 'Fitness Center', 'Furnished Units Available', 'Elevator', 'Controlled Access', 'Business Center', 'Grill', 'Gated', 'Washer/Dryer', 'Air Conditioning', 'Dishwasher', 'High Speed Internet Access']"
Armature Place,"4131 E Busch Blvd, Tampa, FL 33617","$850 - $1,150",1-2 Beds,"['Air Conditioning', 'Washer/Dryer Hookup', 'Hardwood Floors', 'Disposal']"
3318 W. De Leon,"3318 W De Leon St, Tampa, FL 33609","$1,800 - $2,550",Studio - 2 Beds,"['Washer/Dryer', 'Air Conditioning', 'Dishwasher', 'High Speed Internet Access']"
Casa Buchman - Ybor City,"1910 E 7th Ave, Tampa, FL 33605","$1,724 - $1,787",Studio,"['Laundry Facilities', 'Controlled Access', 'Key Fob Entry', 'Maintenance on site', 'Air Conditioning', 'Dishwasher', 'Hardwood Floors', 'Granite Countertops', 'Microwave', 'Refrigerator', 'Disposal', 'Ice Maker']"
Casa Pedroso - Ybor City,"1311 E 8th Ave, Tampa, FL 33605","$1,999 - $2,150",1-2 Beds,"['Furnished Units Available', 'Elevator', 'Controlled Access', 'Key Fob Entry', 'Washer/Dryer', 'Air Conditioning', 'Dishwasher', 'Hardwood Floors']"
Seazen At Rocky Point,"7616 W Courtney Campbell Cswy, Tampa, FL 33607","$1,897 - $5,226",Studio - 3 Beds,"['Pool', 'Fitness Center', 'Lounge', 'Waterfront', 'Air Conditioning', 'Patio', 'Stainless Steel Appliances', 'Office']"
MAA Bay View,"2600 N Rocky Point Dr, Tampa, FL 33607","$1,865 - $3,745",1-2 Beds,"['Pool', 'Fitness Center', 'Clubhouse', 'Controlled Access', 'Washer/Dryer', 'Air Conditioning', 'Dishwasher', 'Hardwood Floors', 'Walk-In Closets', 'Granite Countertops', 'Yard', 'Refrigerator']"
Amelia at Westshore,"6608 S West Shore Blvd, Tampa, FL 33616","$1,920 - $3,310",1-3 Beds,"['Pool', 'Clubhouse', 'Controlled Access', 'Recycling', 'Business Center', 'Grill', 'Gated', 'Conference Rooms', 'Washer/Dryer', 'Air Conditioning', 'Dishwasher', 'High Speed Internet Access', 'Hardwood Floors', 'Walk-In Closets', 'Island Kitchen', 'Granite Countertops']"
Gunby,"1303 S Gunby Ave, Tampa, FL 33606","$2,375",1 Bed,"['Air Conditioning', 'Dishwasher', 'High Speed Internet Access', 'Hardwood Floors']"
Bay Villa Place,"1407 S Bay Villa Pl, Tampa, FL 33629","$2,950",2 Beds,"['Fitness Center', 'Laundry Facilities', 'Key Fob Entry', 'Maintenance on site', 'Air Conditioning', 'Dishwasher', 'High Speed Internet Access', 'Hardwood Floors']"
Curiosity Creek Apartments,"102 Curiosity Creek Ln, Tampa, FL 33612","$1,245",Studio - 2 Beds,"['24 Hour Access', 'Property Manager on Site', 'Maintenance on site', 'Public Transportation', 'Washer/Dryer Hookup', 'High Speed Internet Access', 'Refrigerator', 'Tub/Shower']"
Columbia Park Apartments,"14309 N 18th St Ave, Tampa, FL 33613","$1,900 - $2,300",3 Beds,"['Washer/Dryer', 'Air Conditioning', 'Washer/Dryer Hookup', 'High Speed Internet Access']"
MAA Carrollwood,"14009 Clubhouse Cir, Tampa, FL 33618","$1,508 - $3,158",1-2 Beds,"['Pool', 'Fitness Center', 'Laundry Facilities', 'Clubhouse', 'Washer/Dryer', 'Air Conditioning', 'Dishwasher', 'High Speed Internet Access']"
Casa Socarras,"1304 E 7th Ave, Tampa, FL 33605",Call for Rent,Studio,"['Controlled Access', 'Key Fob Entry', 'Trash Pickup - Door to Door', 'Maintenance on site', 'Washer/Dryer', 'Air Conditioning', 'Dishwasher', 'Hardwood Floors']"
2307-09 S. Clewis,"2307-2309 S Clewis Ct, Tampa, FL 33629","$2,250",1 Bed,"['Fitness Center', 'Key Fob Entry', 'Maintenance on site', 'Waterfront', 'Washer/Dryer', 'Air Conditioning', 'Dishwasher', 'High Speed Internet Access', 'Hardwood Floors', 'Walk-In Closets', 'Granite Countertops', 'Microwave']"
Waterstone at Carrollwood,"3339 Handy Rd, Tampa, FL 33618","$1,460 - $1,779",1-2 Beds,"['Pool', 'Fitness Center', 'Playground', 'Clubhouse', 'Washer/Dryer', 'Air Conditioning', 'Dishwasher', 'Walk-In Closets', 'Refrigerator', 'Wi-Fi', 'Disposal', 'Ice Maker']"
Dauphine Apartments,"2515 W Frierson Ave, Tampa, FL 33614","$1,650 - $1,995",2 Beds,"['Pool', 'Fitness Center', 'Laundry Facilities', 'Controlled Access', 'Washer/Dryer', 'Air Conditioning', 'Dishwasher', 'High Speed Internet Access', 'Microwave', 'Refrigerator', 'Tub/Shower', 'Patio']"
916 S Rome,"916 S Rome Ave, Tampa, FL 33606","$1,975",Studio,"['Fitness Center', 'Laundry Facilities', 'Key Fob Entry', 'Maintenance on site', 'Air Conditioning', 'Dishwasher', 'Washer/Dryer Hookup', 'High Speed Internet Access', 'Hardwood Floors', 'Walk-In Closets', 'Granite Countertops', 'Microwave']"
2916-2918 W Bay Vista Ave,"2916-2918 W Bay Vista Ave, Tampa, FL 33611","$3,150",2 Beds,"['Fitness Center', 'Key Fob Entry', '24 Hour Access', 'Maintenance on site', 'Washer/Dryer', 'Air Conditioning', 'Dishwasher', 'High Speed Internet Access', 'Hardwood Floors', 'Tub/Shower', 'Patio', 'Tile Floors']"
Heron,"815 Water St, Tampa, FL 33602","$2,905 - $32,191",1-3 Beds,"['Pool', 'Fitness Center', 'Elevator', 'Concierge', 'Washer/Dryer', 'Air Conditioning', 'Dishwasher', 'Hardwood Floors']"
Laurel Oaks,"8781 Orange Leaf Ct, Tampa, FL 33637","$1,394 - $2,249",1-3 Beds,"['Pool', 'Fitness Center', 'Laundry Facilities', 'Playground', 'Washer/Dryer', 'Air Conditioning', 'Dishwasher', 'High Speed Internet Access']"
2001 W. Dekle,"2001 W Dekle Ave, Tampa, FL 33606","$2,160 - $2,250",1 Bed,"['Fitness Center', 'Laundry Facilities', 'Grill', 'Key Fob Entry', 'Air Conditioning', 'Dishwasher', 'High Speed Internet Access', 'Hardwood Floors']"
Allora Uptown,"14350 Ambrosia St, Tampa, FL 33613","$1,615 - $2,315",1-2 Beds,"['Pool', 'Fitness Center', 'Concierge', 'Business Center', 'Washer/Dryer', 'Air Conditioning', 'Island Kitchen', 'Granite Countertops']"
224 South Melville,"224 S Melville Ave, Tampa, FL 33606","$2,250",1 Bed,"['Fitness Center', 'Grill', 'Key Fob Entry', 'Maintenance on site', 'Washer/Dryer', 'Air Conditioning', 'Dishwasher', 'High Speed Internet Access', 'Hardwood Floors', 'Microwave', 'Refrigerator', 'Tub/Shower']"
Pierhouse at Channelside,"1226 E Cumberland Ave, Tampa, FL 33602","$2,095 - $3,544",Studio - 2 Beds,"['Pool', 'Fitness Center', 'Clubhouse', 'Grill']"
The Park on 56th,"11110 N 56th St, Tampa, FL 33617","$1,700 - $1,950",2 Beds,"['Pool', 'Laundry Facilities', 'Playground', 'Grill', 'Washer/Dryer', 'Air Conditioning', 'Dishwasher', 'Washer/Dryer Hookup', 'High Speed Internet Access', 'Hardwood Floors', 'Walk-In Closets', 'Island Kitchen']"
The Vendome,"1710 W Jetton Ave, Tampa, FL 33606","$2,495",1 Bed,"['Washer/Dryer', 'Air Conditioning', 'Dishwasher', 'High Speed Internet Access']"
Casa Oliva - Ybor City,"2008 N 19th St, Tampa, FL 33605","$1,575 - $1,599",Studio,"['Elevator', 'Clubhouse', 'Controlled Access', 'Key Fob Entry', 'Washer/Dryer', 'Air Conditioning', 'Dishwasher', 'Hardwood Floors']"
The Oasis Club,"500 S Himes Ave, Tampa, FL 33609","$1,800",2 Beds,"['Pool', 'Laundry Facilities', 'Property Manager on Site', 'Maintenance on site', 'Washer/Dryer', 'Air Conditioning', 'Dishwasher', 'Walk-In Closets']"
Roma on Dale Mabry,"5901-5921 S Dale Mabry Hwy, Tampa, FL 33611","$1,695",3 Beds,"['Day Care', 'Trash Pickup - Curbside', 'Package Service', 'Walking/Biking Trails', 'Washer/Dryer', 'Air Conditioning', 'Dishwasher', 'High Speed Internet Access']"
3001 W. Horatio,"3001 W Horatio St, Tampa, FL 33609","$2,250 - $2,650",1-2 Beds,"['Fitness Center', 'Grill', 'Lounge', 'Waterfront', 'Washer/Dryer', 'Air Conditioning', 'Dishwasher', 'High Speed Internet Access', 'Hardwood Floors', 'Walk-In Closets', 'Granite Countertops', 'Microwave']"
326 Plant,"326 S Plant Ave, Tampa, FL 33606","$2,295",1 Bed,"['Fitness Center', 'Key Fob Entry', '24 Hour Access', 'Maintenance on site', 'Washer/Dryer', 'Air Conditioning', 'Dishwasher', 'High Speed Internet Access', 'Hardwood Floors', 'Granite Countertops', 'Microwave', 'Refrigerator']"
Texas,"2317 W Texas Ave, Tampa, FL 33629",Call for Rent,1 Bed,"['Air Conditioning', 'Tub/Shower', 'Office', 'Heating']"
Rosewood,"8525 N Armenia Ave, Tampa, FL 33604","$1,175 - $1,950",Studio - 2 Beds,"['Pool', 'Laundry Facilities', 'Playground', 'Basketball Court', 'Air Conditioning', 'Refrigerator', 'Tub/Shower', 'Security System']"
MAA SoHo Square,"712 S Howard Ave, Tampa, FL 33606","$2,329 - $6,558",1-2 Beds,"['Pool', 'Fitness Center', 'Furnished Units Available', 'Elevator', 'Clubhouse', 'Controlled Access', 'Recycling', 'Business Center', 'Washer/Dryer', 'Air Conditioning', 'Dishwasher', 'High Speed Internet Access', 'Walk-In Closets', 'Island Kitchen', 'Granite Countertops', 'Refrigerator']"
Grand Oaks Apartments,"8450 Standish Bend Dr, Tampa, FL 33615","$1,306 - $1,594",1-2 Beds,"['Pool', 'Fitness Center', 'Playground', 'Clubhouse', 'Washer/Dryer', 'Air Conditioning', 'Dishwasher', 'Washer/Dryer Hookup', 'High Speed Internet Access', 'Hardwood Floors', 'Walk-In Closets', 'Granite Countertops']"
Innovo Living On Waters,"8421 Del Lago Cir, Tampa, FL 33614","$1,410 - $2,570",Studio - 3 Beds,"['Pool', 'Fitness Center', 'Laundry Facilities', 'Playground', 'Washer/Dryer', 'Air Conditioning', 'Dishwasher', 'Loft Layout', 'High Speed Internet Access', 'Hardwood Floors', 'Walk-In Closets', 'Island Kitchen']"
Mosaic Westshore,"110 S Hoover Blvd, Tampa, FL 33609","$1,880 - $4,403",1-3 Beds,"['Pool', 'Fitness Center', 'Furnished Units Available', 'Elevator', 'Washer/Dryer', 'High Speed Internet Access', 'Granite Countertops', 'Refrigerator']"
Greenbriar,"4310 W North B St, Tampa, FL 33609","$1,395 - $1,595",1-2 Beds,"['Air Conditioning', 'High Speed Internet Access', 'Hardwood Floors', 'Refrigerator']"
Westminster,"6910 Interbay Blvd, Tampa, FL 33616","$1,264 - $1,640",1-2 Beds,"['Pool', 'Fitness Center', 'Laundry Facilities', 'Playground', 'Air Conditioning', 'Dishwasher', 'Washer/Dryer Hookup', 'High Speed Internet Access']"
3311-13 W. San Juan,"3311-3313 W San Juan St, Tampa, FL 33629","$1,950 - $2,000",1 Bed,"['Washer/Dryer', 'Air Conditioning', 'Dishwasher', 'High Speed Internet Access', 'Hardwood Floors', 'Granite Countertops', 'Microwave', 'Refrigerator']"
Avina North,"13101 Aarans Pond Dr, Tampa, FL 33612","$1,199 - $1,499",1-2 Beds,"['Pool', 'Fitness Center', 'Laundry Facilities', 'Playground', 'Air Conditioning', 'Dishwasher', 'Washer/Dryer Hookup', 'Hardwood Floors']"
5 West Apartments,"5150 Net Dr, Tampa, FL 33634","$1,784 - $2,797",1-2 Beds,"['Pool', 'Fitness Center', 'Elevator', 'Clubhouse', 'Washer/Dryer', 'Air Conditioning', 'High Speed Internet Access', 'Wi-Fi']"
East Ybor Casitas,"2306 E 8th Ave, Tampa, FL 33605","$1,550",1 Bed,"['Washer/Dryer', 'Dishwasher', 'Microwave', 'Refrigerator']"
Meridian Luxury Condominiums,"7605 Pinery Way, Tampa, FL 33615","$1,605 - $1,959",1-2 Beds,[]
Essex Place Luxury Apartments,"3415 W Hillsborough Ave, Tampa, FL 33614","$1,380 - $2,099",1-2 Beds,"['Pool', 'Fitness Center', 'Playground', 'Business Center', 'Washer/Dryer', 'Air Conditioning', 'Dishwasher', 'High Speed Internet Access', 'Hardwood Floors', 'Walk-In Closets', 'Granite Countertops', 'Microwave']"
The Lorenzo,"1408 S Lorenzo Ave, Tampa, FL 33629","$1,905",1 Bed,"['Fitness Center', 'Laundry Facilities', 'Key Fob Entry', 'Maintenance on site', 'Air Conditioning', 'Dishwasher', 'High Speed Internet Access', 'Hardwood Floors', 'Granite Countertops', 'Microwave', 'Refrigerator', 'Freezer']"
Oak Manor Apartment Homes,"5105 Mission Hills Ave, Tampa, FL 33617","$1,160 - $1,425",1-2 Beds,"['Pool', 'Laundry Facilities', 'Gated', 'Trash Pickup - Door to Door', 'Washer/Dryer', 'Dishwasher', 'High Speed Internet Access', 'Walk-In Closets']"
Revere Landings,"1520 E Fletcher Ave, Tampa, FL 33612","$1,225 - $1,399",1-2 Beds,"['Fitness Center', 'Playground', 'Clubhouse', 'Controlled Access', 'Washer/Dryer', 'Air Conditioning', 'Dishwasher', 'Washer/Dryer Hookup', 'High Speed Internet Access', 'Hardwood Floors', 'Walk-In Closets', 'Refrigerator']"
Milana Reserve Apartment Homes,"8730 N Himes Ave, Tampa, FL 33614","$1,357 - $3,043",1-2 Beds,"['Pool', 'Fitness Center', 'Laundry Facilities', 'Clubhouse', 'Air Conditioning', 'Dishwasher', 'Washer/Dryer Hookup', 'High Speed Internet Access', 'Walk-In Closets', 'Disposal', 'Fireplace', 'Patio']"
Urban Place Apartments,"13401 N 50th St, Tampa, FL 33617","$1,399 - $2,890",1-4 Beds,"['Pool', 'Fitness Center', 'Laundry Facilities', 'Playground', 'Washer/Dryer', 'Air Conditioning', 'Dishwasher', 'Washer/Dryer Hookup', 'Walk-In Closets', 'Granite Countertops', 'Microwave', 'Refrigerator']"
Eagles Point at Tampa Palms Apartments,"14551 N 46th St, Tampa, FL 33613","$1,327 - $1,888",1-3 Beds,"['Pool', 'Fitness Center', 'Laundry Facilities', 'Clubhouse', 'Washer/Dryer', 'Air Conditioning', 'Dishwasher', 'High Speed Internet Access', 'Walk-In Closets', 'Granite Countertops', 'Microwave', 'Refrigerator']"
Northgreen at Carrollwood,"3831 Northgreen Ave, Tampa, FL 33624","$1,326 - $2,391",1-2 Beds,"['Pool', 'Fitness Center', 'Playground', 'Clubhouse', 'Washer/Dryer', 'Air Conditioning', 'Dishwasher', 'High Speed Internet Access']"
916 S Oregon,"916 S Oregon Ave, Tampa, FL 33606","$1,885",Studio,"['Fitness Center', 'Laundry Facilities', 'Key Fob Entry', 'Bicycle Storage', 'Air Conditioning', 'Dishwasher', 'High Speed Internet Access', 'Refrigerator']"
Uptown Palms Apartments,"13036 Kain Palms Ct, Tampa, FL 33612","$1,299 - $1,999",1-3 Beds,"['Washer/Dryer', 'Air Conditioning', 'Dishwasher', 'Washer/Dryer Hookup', 'Granite Countertops', 'Yard', 'Microwave', 'Refrigerator']"
Windsor Highwoods Preserve,"18002 Richmond Pl Dr, Tampa, FL 33647","$1,595 - $3,644",1-4 Beds,"['Pool', 'Fitness Center', 'Laundry Facilities', 'Playground', 'Clubhouse', 'Controlled Access', 'Business Center', 'Grill', 'Washer/Dryer', 'Air Conditioning', 'Dishwasher', 'Washer/Dryer Hookup', 'Walk-In Closets', 'Microwave', 'Refrigerator', 'Tub/Shower']"
Serenity Lake Apartments,"14566 Seaford Cir, Tampa, FL 33613","$1,275 - $1,925",1-2 Beds,"['Pool', 'Fitness Center', 'Clubhouse', 'Controlled Access', 'Business Center', 'Grill', 'Gated', 'Pet Play Area', 'Washer/Dryer', 'Air Conditioning', 'Dishwasher', 'Washer/Dryer Hookup', 'High Speed Internet Access', 'Granite Countertops', 'Yard', 'Microwave']"
Innovo Hyde Park,"611 S Magnolia Ave, Tampa, FL 33606","$1,750 - $2,395",Studio - 2 Beds,"['Pool', 'Fitness Center', 'Laundry Facilities', 'Recycling', 'Grill', 'Gated', 'Conference Rooms', 'Key Fob Entry', 'Washer/Dryer', 'Air Conditioning', 'Dishwasher', 'Washer/Dryer Hookup', 'High Speed Internet Access', 'Hardwood Floors', 'Walk-In Closets', 'Island Kitchen']"
Greenwich Commons Apartment Homes,"14608 N 43rd St, Tampa, FL 33613","$1,145 - $1,605",1-2 Beds,"['Fitness Center', 'Laundry Facilities', 'Pet Washing Station', 'Package Service', 'Air Conditioning', 'Dishwasher', 'High Speed Internet Access', 'Walk-In Closets', 'Microwave', 'Refrigerator', 'Tub/Shower', 'Disposal']"
Palmera Pointe,"7417 Palmera Pointe Cir, Tampa, FL 33615","$1,490 - $2,495",1-4 Beds,"['Pool', 'Fitness Center', 'Laundry Facilities', 'Playground', 'High Speed Internet Access', 'Walk-In Closets', 'Granite Countertops', 'Tile Floors']"
Green Oaks Apartments,"3801 W Tyson Ave, Tampa, FL 33611","$1,250 - $1,662",1-2 Beds,"['Pool', 'Fitness Center', 'Laundry Facilities', 'Playground', 'Air Conditioning', 'Dishwasher', 'Washer/Dryer Hookup', 'High Speed Internet Access']"
Millennium Westshore,"4400 W Spruce St, Tampa, FL 33607","$1,814 - $5,425",Studio - 3 Beds,"['Pool', 'Fitness Center', 'Laundry Facilities', 'Elevator', 'Washer/Dryer', 'Air Conditioning', 'Dishwasher', 'High Speed Internet Access', 'Hardwood Floors', 'Walk-In Closets', 'Granite Countertops', 'Microwave']"
Palm Avenue Apartments,"10610 N 30th St, Tampa, FL 33612","$1,185 - $1,735",1-3 Beds,"['Pool', 'Fitness Center', 'Laundry Facilities', 'Playground', 'Air Conditioning', 'Dishwasher', 'Washer/Dryer Hookup', 'High Speed Internet Access']"
Inertia Apartments,"4004 S Manhattan Ave, Tampa, FL 33611","$1,299 - $1,849",Studio - 2 Beds,[]
IQ Luxury,"12708 Bruce B Downs Blvd, Tampa, FL 33612","$959 - $1,949",1-4 Beds,"['Pool', 'Furnished Units Available', 'Elevator', 'Controlled Access', 'Recycling', 'Business Center', 'Grill', 'Community-Wide WiFi', 'Washer/Dryer', 'Air Conditioning', 'Dishwasher', 'High Speed Internet Access', 'Hardwood Floors', 'Walk-In Closets', 'Island Kitchen', 'Granite Countertops']"
Country Square Villas and Candlewood One,"8449 Aiken Ct, Tampa, FL 33615","$1,066 - $1,803",Studio - 2 Beds,"['Air Conditioning', 'Washer/Dryer Hookup', 'High Speed Internet Access', 'Refrigerator']"
Inertio Apartments,"4216 S Manhattan Ave, Tampa, FL 33611","$1,299 - $1,949",Studio - 2 Beds,"['Pool', 'Laundry Facilities', '24 Hour Access', 'Property Manager on Site', 'Air Conditioning', 'Dishwasher', 'High Speed Internet Access', 'Hardwood Floors', 'Microwave', 'Refrigerator', 'Tub/Shower', 'Disposal']"
Union on Fletcher,"3600 E Fletcher Ave, Tampa, FL 33613","$949 - $1,875",Studio - 4 Beds,"['Pool', 'Fitness Center', 'Furnished Units Available', 'Elevator', 'Clubhouse', 'Controlled Access', 'Business Center', 'Grill', 'Washer/Dryer', 'Air Conditioning', 'Dishwasher', 'High Speed Internet Access', 'Walk-In Closets', 'Island Kitchen', 'Granite Countertops', 'Microwave']"
WestShore Apartments,"4601 W Gray St, Tampa, FL 33609","$1,390 - $2,150",1-2 Beds,"['Pool', 'Laundry Facilities', 'Elevator', 'Recycling', 'Washer/Dryer', 'Air Conditioning', 'Dishwasher', 'High Speed Internet Access', 'Hardwood Floors', 'Walk-In Closets', 'Granite Countertops', 'Microwave']"
The Oaks of Woodland Park Apartments,"4747 W Waters Ave, Tampa, FL 33614","$1,465 - $2,380",1-3 Beds,"['Pool', 'Fitness Center', 'Laundry Facilities', 'Playground', 'Clubhouse', 'Controlled Access', 'Business Center', 'Grill', 'Washer/Dryer', 'Air Conditioning', 'Dishwasher', 'Washer/Dryer Hookup']"
Park East,"2020 E Bearss Ave, Tampa, FL 33613","$1,099 - $1,749",1-2 Beds,"['Pool', 'Fitness Center', 'Laundry Facilities', 'Clubhouse', 'Air Conditioning', 'Dishwasher', 'Washer/Dryer Hookup', 'High Speed Internet Access', 'Walk-In Closets', 'Refrigerator', 'Tub/Shower', 'Disposal']"
Bella Mar Apartment Homes,"12406 N 15th St, Tampa, FL 33612","$1,039 - $1,430",1-2 Beds,"['Pool', 'Laundry Facilities', 'Grill', 'Laundry Service', 'Walk-In Closets', 'Refrigerator', 'Tile Floors', 'Window Coverings']"
Reflections,"14525 Prism Cir, Tampa, FL 33613",$829 - $889,3-4 Beds,"['Pool', 'Furnished Units Available', 'Clubhouse', 'Business Center', 'Washer/Dryer', 'Air Conditioning', 'Dishwasher', 'High Speed Internet Access']"
On50,"5001 Excellence Blvd, Tampa, FL 33617","$839 - $1,649",1-4 Beds,"['Pool', 'Furnished Units Available', 'Elevator', 'Clubhouse', 'Business Center', 'Grill', 'Community-Wide WiFi', 'Trash Pickup - Door to Door', 'Washer/Dryer', 'Air Conditioning', 'Dishwasher', 'Walk-In Closets', 'Microwave', 'Refrigerator', 'Wi-Fi', 'Tub/Shower']"
Foxcroft Apartments,"3807 Tower Rd, Tampa, FL 33614","$1,237 - $1,513",1-3 Beds,"['Pool', 'Fitness Center', 'Laundry Facilities', 'Playground', 'Washer/Dryer', 'Air Conditioning', 'Dishwasher', 'Washer/Dryer Hookup', 'High Speed Internet Access', 'Walk-In Closets', 'Microwave', 'Refrigerator']"
Preserve at Mobbly Bay,"8210 Solano Bay Loop, Tampa, FL 33635","$1,293 - $2,933",1-3 Beds,"['Pool', 'Fitness Center', 'Clubhouse', 'Property Manager on Site', 'Air Conditioning', 'Dishwasher', 'Washer/Dryer Hookup', 'Walk-In Closets']"
Verra North,"1250 Skipper Rd, Tampa, FL 33613","$999 - $1,299",1-2 Beds,"['Pool', 'Fitness Center', 'Laundry Facilities', 'Playground', 'Air Conditioning', 'High Speed Internet Access', 'Hardwood Floors', 'Walk-In Closets', 'Microwave', 'Refrigerator', 'Tub/Shower', 'Patio']"
Courtney Cove Apartment Homes,"5510 N Himes Ave, Tampa, FL 33614","$1,158 - $2,058",Studio - 2 Beds,"['Pool', 'Fitness Center', 'Laundry Facilities', 'Clubhouse', 'Air Conditioning', 'Dishwasher', 'High Speed Internet Access', 'Walk-In Closets']"
Hamilton Point on Egypt Lake,"6900 Concord Dr, Tampa, FL 33614","$1,259 - $2,366",1-3 Beds,"['Pool', 'Fitness Center', 'Laundry Facilities', 'Playground', 'Washer/Dryer', 'Air Conditioning', 'Dishwasher', 'High Speed Internet Access', 'Refrigerator', 'Tub/Shower', 'Disposal', 'Ice Maker']"
Oakwood Apartments,"1104 E 140th Ave, Tampa, FL 33613","$1,150 - $1,550",1-2 Beds,"['Pool', 'Gated', '24 Hour Access', 'Property Manager on Site', 'Washer/Dryer', 'Air Conditioning', 'Hardwood Floors', 'Walk-In Closets']"
The Park at Chesterfield Apartment Homes,"5039 Chalet Ct, Tampa, FL 33617","$1,299 - $2,150",1-3 Beds,"['Pool', 'Fitness Center', 'Laundry Facilities', 'Playground', 'Washer/Dryer', 'Dishwasher', 'High Speed Internet Access', 'Hardwood Floors', 'Walk-In Closets', 'Refrigerator', 'Tub/Shower', 'Freezer']"
Terrace Trace Apartments,"9135 Talina Ln, Tampa, FL 33637","$1,100 - $1,900",Studio - 2 Beds,"['Property Manager on Site', 'Maintenance on site', 'Walking/Biking Trails', 'Storage Space', 'Air Conditioning', 'Dishwasher', 'High Speed Internet Access', 'Patio']"
The Summit at Sabal Park Apartments,"4006 Sabal Park Dr, Tampa, FL 33610","$1,284 - $2,270",1-2 Beds,"['Pool', 'Fitness Center', 'Laundry Facilities', 'Playground', 'Air Conditioning', 'Dishwasher', 'Washer/Dryer Hookup', 'High Speed Internet Access']"
Rocky Creek Village Senior Living,"8606 Boulder Ct, Tampa, FL 33615","$950 - $1,350",Studio - 2 Beds,"['Pool', 'Laundry Facilities', 'Controlled Access', 'Gated', 'Air Conditioning', 'Walk-In Closets', 'Yard', 'Refrigerator', 'Tub/Shower', 'Freezer', 'Patio', 'Tile Floors']"
The Ivy,"3424 Jefferson Commons Dr, Tampa, FL 33613","$649 - $1,359",1-4 Beds,"['Pool', 'Fitness Center', 'Furnished Units Available', 'Clubhouse', 'Controlled Access', 'Business Center', 'Grill', 'Gated', 'Air Conditioning', 'Dishwasher', 'High Speed Internet Access', 'Hardwood Floors', 'Microwave', 'Refrigerator', 'Disposal', 'Ceiling Fans']"
Vue Tampa,"5610 Graduate Cir, Tampa, FL 33617",$699 - $777,3-4 Beds,"['Pool', 'Clubhouse', 'Lounge', 'Maintenance on site']"
Copeland Village,"1250 E 113th Ave, Tampa, FL 33612","$847 - $1,739",Studio - 1 Bed,"['Pool', 'Fitness Center', 'Laundry Facilities', 'Clubhouse', 'Air Conditioning', 'High Speed Internet Access', 'Refrigerator', 'Ceiling Fans']"
The Pointe at Carrollwood,"4949 Marbrisa Dr, Tampa, FL 33624","$1,411 - $4,979",1-2 Beds,"['Pool', 'Fitness Center', 'Laundry Facilities', 'Playground', 'Washer/Dryer', 'Air Conditioning', 'Dishwasher', 'Washer/Dryer Hookup', 'High Speed Internet Access', 'Walk-In Closets', 'Granite Countertops', 'Microwave']"
Garden Terrace,"8725 Del Ray Ct, Tampa, FL 33617","$838 - $1,329",Studio - 2 Beds,"['Laundry Facilities', '24 Hour Access', 'Package Service', 'Property Manager on Site', 'Air Conditioning', 'Washer/Dryer Hookup', 'High Speed Internet Access', 'Tub/Shower']"
Riverside Palms,"5008 Sierra Pl, Tampa, FL 33617","$1,000 - $1,785",Studio - 3 Beds,"['Pool', 'Fitness Center', 'Laundry Facilities', 'Playground', 'Washer/Dryer', 'Dishwasher', 'Washer/Dryer Hookup', 'High Speed Internet Access']"
River Pines Senior Apartments 55+,"7517 N 40th St, Tampa, FL 33604",$735 - $825,Studio - 1 Bed,"['Air Conditioning', 'Refrigerator', 'Tub/Shower', 'Disposal']"
Gardens at South Bay,"6720 S Lois Ave, Tampa, FL 33616","$911 - $1,662",1-4 Beds,"['Pool', 'Fitness Center', 'Laundry Facilities', 'Playground', 'Air Conditioning', 'Dishwasher', 'Washer/Dryer Hookup', 'High Speed Internet Access', 'Walk-In Closets', 'Microwave', 'Refrigerator', 'Tub/Shower']"
MAA Tampa Oaks,"8425 Montravail Cir, Temple Terrace, FL 33637","$1,498 - $3,528",1-3 Beds,"['Pool', 'Fitness Center', 'Laundry Facilities', 'Elevator', 'Playground', 'Clubhouse', 'Business Center', 'Grill', 'Washer/Dryer', 'Air Conditioning', 'Dishwasher', 'Loft Layout', 'High Speed Internet Access', 'Hardwood Floors', 'Walk-In Closets', 'Microwave']"
Fisherman's Landing Apartment Homes,"8900 Fishermans Pointe Dr, Temple Terrace, FL 33637","$1,350 - $1,995",1-3 Beds,"['Pool', 'Fitness Center', 'Laundry Facilities', 'Playground', 'Washer/Dryer', 'Air Conditioning', 'Dishwasher', 'Washer/Dryer Hookup', 'Walk-In Closets', 'Refrigerator', 'Tub/Shower', 'Disposal']"
2301 N Jefferson St Unit 8,"2301 N Jefferson St Unit 8, Tampa, FL 33602","$1,000","Studio, 1 Bath, 400 sq ft","['Air Conditioning', 'Microwave', 'Refrigerator', 'Tub/Shower']"
2109 Bayshore Blvd Unit 306,"2109 Bayshore Blvd Unit 306, Tampa, FL 33606","$1,725","1 Bed, 1 Bath, 377 sq ft","['Air Conditioning', 'Hardwood Floors', 'Granite Countertops', 'Microwave']"
250 Strathmore Ave,"250 Strathmore Ave, Oldsmar, FL 34677","$1,850","1 Bed, 1 Bath","['Washer/Dryer', 'Air Conditioning', 'Dishwasher', 'High Speed Internet Access', 'Hardwood Floors', 'Island Kitchen', 'Microwave', 'Refrigerator']"
4343 Bayside Village Dr Unit 302,"4343 Bayside Village Dr Unit 302, Tampa, FL 33615","$2,400","1 Bed, 1 Bath, 930 sq ft","['Washer/Dryer', 'Air Conditioning', 'Dishwasher', 'High Speed Internet Access', 'Hardwood Floors', 'Island Kitchen', 'Microwave', 'Refrigerator']"
Furnished Studio-Tampa - Brandon - East,"2450 S Falkenburg Rd, Tampa, FL 33619","$1,949","Studio, 1 Bath, 300 sq ft",[]
2424 W Tampa Bay Blvd Unit River Front,"2424 W Tampa Bay Blvd Unit River Front, Tampa, FL 33607","$2,500","2 Beds, 1.5 Baths, 1,404 sq ft",[]
Furnished Studio-Tampa - Northeast,"12162 Morris Bridge Rd, Tampa, FL 33637","$1,739","Studio, 1 Bath, 300 sq ft",[]
Furnished Studio-Tampa - Airport - N. West...,"1805 N Westshore Blvd, Tampa, FL 33607","$2,699","Studio, 1 Bath, 300 sq ft",[]
Furnished Studio-Tampa - Airport - Memoria...,"4811 Memorial Hwy, Tampa, FL 33634","$1,919","Studio, 1 Bath, 300 sq ft",[]
Furnished Studio-Tampa - North - USF-Attra...,"12242 Morris Bridge Rd, Tampa, FL 33637","$1,949","Studio, 1 Bath, 300 sq ft",[]
Furnished Studio-Tampa - Fairgrounds - Casino,"8940 E Sligh Ave, Tampa, FL 33610","$2,249","Studio, 1 Bath, 300 sq ft",[]
Furnished Studio-Tampa - North Airport,"5401 Beaumont Center Blvd, Tampa, FL 33634","$1,739","Studio, 1 Bath, 270 sq ft",[]
Furnished Studio-Tampa - Airport - Spruce ...,"4312 W Spruce St, Tampa, FL 33607","$2,709","Studio, 1 Bath, 300 sq ft",[]
Furnished Studio-Tampa - Casino Area,"6780 Lakeview Center Dr, Tampa, FL 33619","$1,949","Studio, 1 Bath, 300 sq ft",[]
The Lancaster,"4904 W Lancaster St, Tampa, FL 33616","$1,399 - $2,399",Studio - 2 Beds,"['Washer/Dryer', 'Air Conditioning', 'Dishwasher', 'High Speed Internet Access', 'Island Kitchen', 'Granite Countertops', 'Microwave', 'Refrigerator']"
42N,"14502 Valor Cir, Tampa, FL 33613",$899 - $960,3-4 Beds,"['Pool', 'Fitness Center', 'Laundry Facilities', 'Furnished Units Available', 'Washer/Dryer', 'Air Conditioning', 'Dishwasher', 'High Speed Internet Access']"
ULake Student Spaces,"14200 Bruce B Downs Blvd, Tampa, FL 33613","$970 - $1,409",1-2 Beds,"['Fitness Center', 'Laundry Facilities', 'Furnished Units Available', 'Basketball Court', 'Washer/Dryer', 'Air Conditioning', 'Dishwasher', 'High Speed Internet Access', 'Hardwood Floors', 'Walk-In Closets', 'Microwave', 'Tub/Shower']"
Legend Oaks,"4714 N Habana Ave, Tampa, FL 33614","$1,210 - $1,845",1-2 Beds,"['Pool', 'Fitness Center', 'Laundry Facilities', 'Playground']"
Soho Village Apartments,"2512 W Stroud Ave, Tampa, FL 33629","$1,200 - $1,450",1-2 Beds,"['Air Conditioning', 'High Speed Internet Access', 'Walk-In Closets', 'Smoke Free']"
Stone Creek Apartments,"13275 Arbor Pointe Cir, Tampa, FL 33617","$1,339 - $1,832",1-2 Beds,"['Pool', 'Fitness Center', 'Clubhouse', 'Grill', 'Washer/Dryer', 'Air Conditioning', 'Dishwasher', 'Washer/Dryer Hookup', 'Walk-In Closets', 'Granite Countertops', 'Refrigerator', 'Tub/Shower']"
Regency Square Apartments,"11312 N 15th St, Tampa, FL 33612","$975 - $1,620",Studio - 3 Beds,"['Laundry Facilities', 'Gated', 'Basketball Court', 'Property Manager on Site', 'Air Conditioning', 'Dishwasher', 'High Speed Internet Access', 'Refrigerator']"
Countrywood,"12101 N Dale Mabry Hwy, Tampa, FL 33618","$1,099 - $1,564",Studio - 2 Beds,"['Pool', 'Fitness Center', 'Laundry Facilities', 'Clubhouse', 'Air Conditioning', 'Dishwasher', 'High Speed Internet Access', 'Walk-In Closets', 'Microwave', 'Refrigerator', 'Tub/Shower', 'Disposal']"
Shadow Pines,"12202 N 15th St, Tampa, FL 33612","$940 - $2,000",2-3 Beds,[]
The Trio at Encore,"1101 Ray Charles Blvd, Tampa, FL 33602","$1,480 - $2,325",1-4 Beds,"['Pool', 'Fitness Center', 'Laundry Facilities', 'Elevator', 'Air Conditioning', 'Dishwasher', 'Washer/Dryer Hookup', 'High Speed Internet Access']"
The Tempo at Encore,"1102 Ray Charles Blvd, Tampa, FL 33602","$1,360 - $1,920",1-4 Beds,"['Pool', 'Fitness Center', 'Laundry Facilities', 'Elevator', 'Air Conditioning', 'Dishwasher', 'Washer/Dryer Hookup', 'High Speed Internet Access']"
Fountains at Falkenburg,"4409 Tuscany Glen Cir, Tampa, FL 33619","$1,125 - $1,999",1-3 Beds,"['Pool', 'Elevator', 'Clubhouse', 'Business Center', 'Washer/Dryer', 'Air Conditioning', 'High Speed Internet Access', 'Walk-In Closets']"
Brandywine Apartments,"5029 N 40th St, Tampa, FL 33610","$1,286 - $1,644",2-4 Beds,"['Pool', 'Fitness Center', 'Laundry Facilities', 'Playground', 'Washer/Dryer Hookup', 'High Speed Internet Access', 'Walk-In Closets', 'Microwave']"
New Life Village,"4926 Lake Venice Ave, Tampa, FL 33619","$984 - $1,490",2-4 Beds,"['Furnished Units Available', 'Playground', 'Clubhouse', 'Grill', 'Washer/Dryer', 'Air Conditioning', 'Dishwasher', 'Washer/Dryer Hookup', 'High Speed Internet Access', 'Island Kitchen', 'Microwave', 'Refrigerator']"
Mobley Park,"401 E 7th Ave, Tampa, FL 33602","$991 - $1,950",1-3 Beds,"['Pool', 'Fitness Center', 'Laundry Facilities', 'Elevator', 'Air Conditioning', 'Dishwasher', 'Washer/Dryer Hookup', 'High Speed Internet Access']"
The Social,"2919 Network Pl, Lutz, FL 33559","$739 - $1,079",2-4 Beds,"['Pool', 'Fitness Center', 'Clubhouse', 'Gated']"
